Date,League,Season,HomeTeam,AwayTeam,FTHG,FTAG,HTHG,HTAG,FTR,HS,AS,HST,AST,HF,AF,HC,AC,HY,AY,HR,AR,HomePasses,AwayPasses,HomeSaves,AwaySaves,HomePos,AwayPos,fixture_id
06/02/2026,J1 League,2025/2026,KYOTO SANGA,VISSEL KOBE,1,1,0,1,D,16,13,7,2,16,5,5,5,2,1,0,0,337,311,1,6,52,48,1501294.0
06/02/2026,J1 League,2025/2026,V-VAREN NAGASAKI,SANFRECCE HIROSHIMA,1,3,0,1,A,12,18,3,7,13,10,1,5,0,0,0,0,545,421,3,1,56,44,1501295.0
06/02/2026,J1 League,2025/2026,YOKOHAMA F. MARINOS,MACHIDA ZELVIA,2,3,1,3,A,15,8,5,4,12,15,5,1,1,1,0,0,542,314,1,3,64,36,1501296.0
07/02/2026,J1 League,2025/2026,JEF UNITED CHIBA,URAWA,0,2,0,2,A,17,20,7,6,10,8,13,6,2,0,0,0,427,418,2,5,51,49,1501297.0
07/02/2026,J1 League,2025/2026,FC TOKYO,KASHIMA,1,1,1,1,D,23,12,8,3,14,9,11,4,1,2,0,1,478,364,2,6,58,42,1501298.0
07/02/2026,J1 League,2025/2026,CEREZO OSAKA,GAMBA OSAKA,0,0,0,0,D,4,19,1,4,16,13,4,5,1,3,1,1,197,665,4,1,23,77,1501299.0
08/02/2026,J1 League,2025/2026,AVISPA FUKUOKA,FAGIANO OKAYAMA,1,1,0,1,D,13,6,5,1,16,16,6,4,1,3,0,0,436,293,1,4,60,40,1501300.0
08/02/2026,J1 League,2025/2026,NAGOYA GRAMPUS,SHIMIZU S-PULSE,1,0,0,0,H,14,6,3,3,11,17,5,5,3,2,0,0,428,390,3,2,52,48,1501301.0
08/02/2026,J1 League,2025/2026,KAWASAKI FRONTALE,KASHIWA REYSOL,5,3,3,1,H,13,27,7,6,5,5,2,8,0,0,0,0,385,670,3,2,36,64,1501302.0
08/02/2026,J1 League,2025/2026,TOKYO VERDY,MITO HOLLYHOCK,3,1,2,0,H,8,10,3,1,8,13,2,4,0,2,0,0,434,632,0,1,41,59,1501303.0
13/02/2026,J1 League,2025/2026,VISSEL KOBE,V-VAREN NAGASAKI,2,0,2,0,H,19,4,4,2,10,13,9,1,1,3,0,0,511,422,2,2,55,45,1501304.0
14/02/2026,J1 League,2025/2026,FC TOKYO,URAWA,1,1,0,0,D,11,13,5,3,13,7,8,5,4,0,0,0,444,308,2,4,59,41,1501308.0
14/02/2026,J1 League,2025/2026,SHIMIZU S-PULSE,KYOTO SANGA,1,1,0,0,D,12,10,5,1,7,15,6,5,1,1,0,0,266,341,0,4,44,56,1501307.0
14/02/2026,J1 League,2025/2026,KASHIMA,YOKOHAMA F. MARINOS,1,0,0,0,H,8,10,2,2,8,14,6,5,1,1,0,0,472,260,2,1,64,36,1501309.0
14/02/2026,J1 League,2025/2026,MACHIDA ZELVIA,MITO HOLLYHOCK,2,2,2,2,D,9,15,3,8,7,14,3,4,0,0,0,0,448,364,5,1,56,44,1501305.0
14/02/2026,J1 League,2025/2026,SANFRECCE HIROSHIMA,FAGIANO OKAYAMA,1,1,1,1,D,11,12,4,1,8,11,6,1,0,3,0,1,608,238,0,3,72,28,1501306.0
15/02/2026,J1 League,2025/2026,JEF UNITED CHIBA,KAWASAKI FRONTALE,0,0,0,0,D,22,17,4,4,14,5,6,5,3,0,0,0,438,494,4,4,48,52,1501310.0
15/02/2026,J1 League,2025/2026,KASHIWA REYSOL,TOKYO VERDY,1,2,1,0,A,11,6,2,3,11,12,6,3,1,2,1,0,527,428,1,1,55,45,1501311.0
15/02/2026,J1 League,2025/2026,AVISPA FUKUOKA,CEREZO OSAKA,0,2,0,2,A,8,13,0,4,11,12,5,4,3,3,0,0,454,575,1,0,45,55,1501312.0
15/02/2026,J1 League,2025/2026,GAMBA OSAKA,NAGOYA GRAMPUS,0,0,0,0,D,17,21,7,9,11,11,6,3,1,1,0,0,374,370,9,7,50,50,1501313.0
21/02/2026,J1 League,2025/2026,KASHIMA,KASHIWA REYSOL,2,0,1,0,H,8,8,5,4,9,12,3,4,0,2,0,0,460,535,4,3,46,54,1504674.0
21/02/2026,J1 League,2025/2026,NAGOYA GRAMPUS,V-VAREN NAGASAKI,1,3,0,0,A,14,16,3,7,12,12,8,3,1,1,0,0,490,345,4,3,60,40,1504673.0
21/02/2026,J1 League,2025/2026,KAWASAKI FRONTALE,FC TOKYO,1,2,1,2,A,7,22,3,5,6,16,3,4,3,2,0,0,601,463,3,2,56,44,1504672.0
21/02/2026,J1 League,2025/2026,SHIMIZU S-PULSE,VISSEL KOBE,1,0,0,0,H,10,6,3,1,11,11,9,5,3,2,0,1,298,285,1,2,52,48,1504671.0
21/02/2026,J1 League,2025/2026,TOKYO VERDY,MACHIDA ZELVIA,2,2,0,0,D,8,11,2,4,6,9,2,4,0,1,0,0,447,424,2,0,51,49,1504669.0
21/02/2026,J1 League,2025/2026,YOKOHAMA F. MARINOS,URAWA,0,2,0,0,A,15,12,1,5,6,13,5,4,1,2,0,0,406,413,3,1,50,50,1504670.0
22/02/2026,J1 League,2025/2026,CEREZO OSAKA,SANFRECCE HIROSHIMA,1,2,0,0,A,8,14,1,4,9,10,2,6,2,0,0,0,446,394,0,0,52,48,1504678.0
22/02/2026,J1 League,2025/2026,KYOTO SANGA,AVISPA FUKUOKA,2,0,1,0,H,15,5,6,0,12,11,7,5,3,2,0,0,350,278,0,4,55,45,1504675.0
22/02/2026,J1 League,2025/2026,MITO HOLLYHOCK,JEF UNITED CHIBA,1,1,1,1,D,13,7,6,2,15,12,4,4,5,3,1,0,279,419,1,5,40,60,1504676.0
22/02/2026,J1 League,2025/2026,FAGIANO OKAYAMA,GAMBA OSAKA,1,2,1,1,A,20,9,8,7,23,12,10,2,1,1,0,0,329,414,5,7,46,54,1504677.0
27/02/2026,J1 League,2025/2026,VISSEL KOBE,AVISPA FUKUOKA,2,1,0,0,H,21,9,7,4,1,13,7,2,0,3,0,1,710,221,3,5,76,24,1504681.0
27/02/2026,J1 League,2025/2026,MACHIDA ZELVIA,JEF UNITED CHIBA,2,1,1,0,H,18,10,6,5,11,5,4,2,2,1,0,0,401,572,4,4,41,59,1504679.0
27/02/2026,J1 League,2025/2026,SANFRECCE HIROSHIMA,KYOTO SANGA,1,2,1,0,A,21,12,5,6,12,16,10,5,0,5,0,0,290,346,4,3,46,54,1504680.0
28/02/2026,K League 1,2026,INCHEON UNITED,FC SEOUL,1,2,0,0,A,8,13,2,7,14,17,6,3,0,5,0,1,406,342,5,1,55,45,1506896.0
28/02/2026,K League 2,2026,GIMHAE CITY,ANSAN GREENERS,1,4,1,0,A,0,0,0,0,0,0,0,0,0,0,0,0,0,0,0,0,0,0,1510243.0
28/02/2026,K League 1,2026,GIMCHEON SANGMU FC,POHANG STEELERS,1,1,1,0,D,13,9,4,1,13,9,2,4,1,3,0,1,500,461,0,3,52,48,1506898.0
28/02/2026,K League 1,2026,ULSAN HYUNDAI FC,GANGWON FC,3,1,2,0,H,11,14,5,4,13,17,2,2,2,3,0,0,296,583,3,2,34,66,1506897.0
28/02/2026,K League 2,2026,SUWON BLUEWINGS,SEOUL E-LAND FC,2,1,1,1,H,0,0,0,0,0,0,0,0,0,0,0,0,0,0,0,0,0,0,1510244.0
28/02/2026,J1 League,2025/2026,GAMBA OSAKA,SHIMIZU S-PULSE,2,2,2,0,D,12,16,7,4,13,7,4,4,0,0,0,0,487,379,0,5,56,44,1504685.0
28/02/2026,J1 League,2025/2026,FC TOKYO,KASHIWA REYSOL,0,2,0,0,A,14,10,4,6,7,10,3,5,2,2,0,0,491,493,4,4,50,50,1504684.0
28/02/2026,J1 League,2025/2026,YOKOHAMA F. MARINOS,TOKYO VERDY,3,2,1,0,H,12,6,4,3,15,12,7,3,1,3,0,0,378,406,1,0,48,52,1504682.0
28/02/2026,J1 League,2025/2026,V-VAREN NAGASAKI,CEREZO OSAKA,1,0,1,0,H,22,14,6,4,6,11,8,4,1,2,0,0,412,583,4,5,42,58,1504686.0
28/02/2026,J1 League,2025/2026,URAWA,KASHIMA,2,3,2,1,A,11,13,3,4,17,10,6,7,1,1,0,0,321,415,2,1,44,56,1504683.0
01/03/2026,J1 League,2025/2026,FAGIANO OKAYAMA,NAGOYA GRAMPUS,1,1,0,0,D,17,7,4,2,13,11,9,3,0,1,0,0,354,510,1,3,42,58,1504687.0
01/03/2026,K League 2,2026,DAEGU FC,HWASEONG,1,0,1,0,H,0,0,0,0,0,0,0,0,0,0,0,0,0,0,0,0,0,0,1510246.0
01/03/2026,K League 2,2026,YONGIN CITY,CHEONAN CITY,2,2,1,1,D,0,0,0,0,0,0,0,0,0,0,0,0,0,0,0,0,0,0,1510247.0
01/03/2026,K League 2,2026,GYEONGNAM FC,JEONNAM DRAGONS,1,4,0,2,A,0,0,0,0,0,0,0,0,0,0,0,0,0,0,0,0,0,0,1510248.0
01/03/2026,K League 2,2026,CHEONGJU,SUWON CITY FC,1,4,1,1,A,0,0,0,0,0,0,0,0,0,0,0,0,0,0,0,0,0,0,1510245.0
01/03/2026,K League 1,2026,JEJU UNITED FC,GWANGJU FC,0,0,0,0,D,0,0,0,0,0,0,0,0,0,0,0,0,0,0,0,0,0,0,1506900.0
01/03/2026,K League 1,2026,JEONBUK MOTORS,BUCHEON FC 1995,2,3,1,1,A,0,0,0,0,0,0,0,0,0,0,0,0,0,0,0,0,0,0,1506899.0
01/03/2026,J1 League,2025/2026,KAWASAKI FRONTALE,MITO HOLLYHOCK,2,2,0,2,D,15,10,5,6,6,13,6,2,0,3,0,0,634,363,4,3,64,36,1504688.0
02/03/2026,K League 1,2026,DAEJEON CITIZEN,FC ANYANG,1,1,0,0,D,0,0,0,0,0,0,0,0,0,0,0,0,0,0,0,0,0,0,1506901.0
02/03/2026,K League 2,2026,BUSAN I PARK,SEONGNAM FC,1,1,1,1,D,0,0,0,0,0,0,0,0,0,0,0,0,0,0,0,0,0,0,1510250.0
02/03/2026,K League 2,2026,ASAN MUGUNGHWA,PAJU CITIZEN,3,2,1,1,H,0,0,0,0,0,0,0,0,0,0,0,0,0,0,0,0,0,0,1510249.0
06/03/2026,Chinese Super League,2026,CHENGDU BETTER CITY,SICHUAN JIUNIU,5,1,3,1,H,29,6,8,3,7,6,14,4,1,0,0,1,645,183,2,3,79,21,1523059.0
07/03/2026,Chinese Super League,2026,YUNNAN YUKUN,QINGDAO JONOON,3,1,3,0,H,15,15,8,5,9,13,5,3,2,0,0,0,360,367,3,5,50,50,1523064.0
07/03/2026,K League 1,2026,BUCHEON FC 1995,DAEJEON CITIZEN,1,1,0,0,D,0,0,0,0,0,0,0,0,0,0,0,0,0,0,0,0,0,0,1506904.0
07/03/2026,Chinese Super League,2026,SHANGHAI SHENHUA,DALIAN ZHIXING,5,3,3,1,H,21,12,11,4,15,8,10,6,1,3,0,0,588,258,1,6,69,31,1523062.0
07/03/2026,Chinese Super League,2026,TIANJIN TEDA,CHONGQING TONGLIANG LONG,0,0,0,0,D,7,5,2,1,15,13,2,4,2,3,0,0,490,494,1,2,50,50,1523061.0
07/03/2026,Chinese Super League,2026,SHANDONG LUNENG,SHENYANG URBAN,3,0,2,0,H,20,12,7,1,24,10,9,3,1,4,0,0,317,598,1,4,35,65,1523060.0
07/03/2026,K League 1,2026,GWANGJU FC,INCHEON UNITED,3,2,1,1,H,0,0,0,0,0,0,0,0,0,0,0,0,0,0,0,0,0,0,1506905.0
07/03/2026,Chinese Super League,2026,SHANGHAI SIPG,HENAN JIANYE,1,2,1,2,A,23,10,6,3,14,10,11,6,1,1,0,0,534,307,1,5,65,35,1523063.0
07/03/2026,J1 League,2025/2026,KASHIMA,TOKYO VERDY,2,0,2,0,H,12,3,5,1,13,13,6,5,0,1,0,0,525,448,1,3,54,46,1504695.0
07/03/2026,J1 League,2025/2026,JEF UNITED CHIBA,KASHIWA REYSOL,2,1,0,0,H,11,23,5,6,10,8,3,5,0,1,0,0,295,615,5,3,33,67,1504689.0
07/03/2026,J1 League,2025/2026,FC TOKYO,YOKOHAMA F. MARINOS,3,0,2,0,H,17,8,7,1,16,9,4,3,0,2,0,0,417,459,1,4,48,52,1504690.0
07/03/2026,K League 2,2026,SEOUL E-LAND FC,GYEONGNAM FC,1,0,1,0,H,0,0,0,0,0,0,0,0,0,0,0,0,0,0,0,0,0,0,1510252.0
07/03/2026,K League 2,2026,DAEGU FC,JEONNAM DRAGONS,4,2,2,2,H,0,0,0,0,0,0,0,0,0,0,0,0,0,0,0,0,0,0,1510253.0
07/03/2026,K League 2,2026,SUWON CITY FC,YONGIN CITY,3,1,1,0,H,0,0,0,0,0,0,0,0,0,0,0,0,0,0,0,0,0,0,1510254.0
07/03/2026,J1 League,2025/2026,AVISPA FUKUOKA,NAGOYA GRAMPUS,1,5,0,3,A,17,22,5,6,16,11,3,2,5,0,1,0,343,516,1,4,40,60,1504694.0
07/03/2026,J1 League,2025/2026,URAWA,MITO HOLLYHOCK,2,0,1,0,H,8,13,5,2,9,15,2,5,0,3,0,1,443,400,2,3,52,48,1504693.0
07/03/2026,K League 2,2026,PAJU CITIZEN,SUWON BLUEWINGS,0,1,0,0,A,0,0,0,0,0,0,0,0,0,0,0,0,0,0,0,0,0,0,1510251.0
07/03/2026,J1 League,2025/2026,CEREZO OSAKA,SHIMIZU S-PULSE,0,0,0,0,D,19,11,8,0,17,10,6,5,2,3,0,0,551,372,0,8,59,41,1504692.0
08/03/2026,K League 2,2026,HWASEONG,GIMHAE CITY,2,0,1,0,H,0,0,0,0,0,0,0,0,0,0,0,0,0,0,0,0,0,0,1510258.0
08/03/2026,J1 League,2025/2026,FAGIANO OKAYAMA,KYOTO SANGA,1,0,0,0,H,15,11,5,4,12,16,5,1,1,1,0,0,301,347,4,4,47,53,1504696.0
08/03/2026,J1 League,2025/2026,GAMBA OSAKA,V-VAREN NAGASAKI,3,2,1,2,H,16,7,7,3,10,8,8,2,0,0,0,0,559,368,1,4,61,39,1504697.0
08/03/2026,Chinese Super League,2026,HANGZHOU GREENTOWN,QINGDAO YOUTH ISLAND,2,0,2,0,H,13,11,7,1,21,13,5,3,2,3,0,0,503,342,1,6,59,41,1523065.0
08/03/2026,K League 1,2026,GIMCHEON SANGMU FC,JEONBUK MOTORS,1,1,0,0,D,0,0,0,0,0,0,0,0,0,0,0,0,0,0,0,0,0,0,1506906.0
08/03/2026,K League 2,2026,SEONGNAM FC,CHEONGJU,2,2,2,1,D,0,0,0,0,0,0,0,0,0,0,0,0,0,0,0,0,0,0,1510256.0
08/03/2026,K League 2,2026,ANSAN GREENERS,BUSAN I PARK,1,3,0,1,A,0,0,0,0,0,0,0,0,0,0,0,0,0,0,0,0,0,0,1510255.0
08/03/2026,K League 2,2026,CHEONAN CITY,GIMPO CITIZEN,0,1,0,0,A,0,0,0,0,0,0,0,0,0,0,0,0,0,0,0,0,0,0,1510257.0
08/03/2026,Chinese Super League,2026,WUHAN THREE TOWNS,BEIJING GUOAN,0,2,0,1,A,10,16,2,5,11,14,5,10,0,2,0,0,257,562,3,2,32,68,1523066.0
08/03/2026,K League 1,2026,FC ANYANG,JEJU UNITED FC,2,1,0,0,H,0,0,0,0,0,0,0,0,0,0,0,0,0,0,0,0,0,0,1506907.0
13/03/2026,Chinese Super League,2026,WUHAN THREE TOWNS,DALIAN ZHIXING,4,1,2,1,H,10,11,6,6,12,17,4,4,4,1,0,0,249,357,5,2,41,59,1523067.0
14/03/2026,K League 2,2026,SEOUL E-LAND FC,BUSAN I PARK,2,3,1,0,A,0,0,0,0,0,0,0,0,0,0,0,0,0,0,0,0,0,0,1510260.0
14/03/2026,K League 1,2026,DAEJEON CITIZEN,GIMCHEON SANGMU FC,1,1,0,1,D,14,10,3,3,10,14,6,5,1,2,0,0,508,422,2,1,55,45,1506909.0
14/03/2026,Chinese Super League,2026,SICHUAN JIUNIU,TIANJIN TEDA,1,0,0,0,H,16,9,5,3,15,8,4,5,3,2,0,0,314,343,3,4,48,52,1523071.0
14/03/2026,Chinese Super League,2026,CHONGQING TONGLIANG LONG,SHENYANG URBAN,1,0,0,0,H,18,7,4,2,17,12,6,2,1,4,0,1,591,405,2,3,59,41,1523070.0
14/03/2026,Chinese Super League,2026,SHANDONG LUNENG,BEIJING GUOAN,2,1,0,0,H,9,8,5,2,17,14,5,4,3,1,0,0,364,410,1,3,46,54,1523068.0
14/03/2026,K League 2,2026,YONGIN CITY,GIMPO CITIZEN,1,3,1,2,A,0,0,0,0,0,0,0,0,0,0,0,0,0,0,0,0,0,0,1510263.0
14/03/2026,K League 2,2026,GYEONGNAM FC,CHEONGJU,2,2,1,0,D,0,0,0,0,0,0,0,0,0,0,0,0,0,0,0,0,0,0,1510262.0
14/03/2026,K League 2,2026,SUWON BLUEWINGS,JEONNAM DRAGONS,2,0,1,0,H,0,0,0,0,0,0,0,0,0,0,0,0,0,0,0,0,0,0,1510261.0
14/03/2026,K League 1,2026,GWANGJU FC,JEONBUK MOTORS,0,0,0,0,D,5,17,1,5,20,14,2,6,3,3,0,0,377,510,5,1,42,58,1506908.0
14/03/2026,Chinese Super League,2026,HANGZHOU GREENTOWN,SHANGHAI SHENHUA,1,1,0,1,D,21,19,7,8,17,23,10,6,2,4,0,1,473,270,7,6,63,37,1523069.0
14/03/2026,K League 2,2026,GIMHAE CITY,SUWON CITY FC,1,2,0,1,A,0,0,0,0,0,0,0,0,0,0,0,0,0,0,0,0,0,0,1510259.0
14/03/2026,J1 League,2025/2026,TOKYO VERDY,URAWA,1,0,1,0,H,14,15,5,4,12,11,2,6,1,2,0,0,270,591,4,2,31,69,1504707.0
14/03/2026,J1 League,2025/2026,YOKOHAMA F. MARINOS,JEF UNITED CHIBA,2,0,0,0,H,17,4,4,1,17,18,7,2,2,0,0,0,336,398,1,2,47,53,1504699.0
14/03/2026,J1 League,2025/2026,KASHIWA REYSOL,MACHIDA ZELVIA,0,1,0,1,A,11,9,3,2,8,11,0,2,1,1,0,0,721,313,1,3,69,31,1504700.0
14/03/2026,J1 League,2025/2026,KYOTO SANGA,CEREZO OSAKA,1,2,0,0,A,15,14,2,8,8,10,6,10,1,3,0,0,412,355,4,1,54,46,1504701.0
14/03/2026,J1 League,2025/2026,MITO HOLLYHOCK,FC TOKYO,1,1,0,0,D,14,11,4,1,14,11,4,4,1,3,0,0,367,380,0,3,49,51,1504702.0
14/03/2026,J1 League,2025/2026,NAGOYA GRAMPUS,VISSEL KOBE,0,3,0,1,A,14,21,5,9,11,14,7,3,2,0,0,0,416,381,6,4,53,47,1504703.0
14/03/2026,J1 League,2025/2026,SHIMIZU S-PULSE,FAGIANO OKAYAMA,1,1,0,0,D,19,13,5,5,7,14,7,7,0,1,0,0,472,285,4,4,62,38,1504704.0
14/03/2026,J1 League,2025/2026,KASHIMA,KAWASAKI FRONTALE,1,0,0,0,H,16,13,6,2,13,9,6,2,1,0,0,0,524,502,2,5,52,48,1504705.0
14/03/2026,J1 League,2025/2026,SANFRECCE HIROSHIMA,GAMBA OSAKA,2,0,1,0,H,20,6,4,2,12,17,10,3,2,4,0,1,323,336,2,2,51,49,1504706.0
15/03/2026,K League 2,2026,ANSAN GREENERS,PAJU CITIZEN,1,2,1,2,A,0,0,0,0,0,0,0,0,0,0,0,0,0,0,0,0,0,0,1510264.0
15/03/2026,Chinese Super League,2026,HENAN JIANYE,YUNNAN YUKUN,2,1,1,0,H,15,20,6,6,7,14,4,6,0,3,0,0,329,412,5,4,44,56,1523072.0
15/03/2026,K League 1,2026,POHANG STEELERS,INCHEON UNITED,1,1,0,1,D,8,11,4,4,8,11,3,3,2,2,0,0,474,414,3,3,53,47,1506913.0
15/03/2026,K League 1,2026,GANGWON FC,FC ANYANG,1,1,1,1,D,14,7,4,3,14,7,14,4,1,0,0,1,437,300,3,3,61,39,1506912.0
15/03/2026,K League 1,2026,JEJU UNITED FC,FC SEOUL,1,2,0,0,A,10,17,2,5,19,13,2,8,1,5,0,0,277,453,3,1,38,62,1506911.0
15/03/2026,K League 1,2026,BUCHEON FC 1995,ULSAN HYUNDAI FC,1,2,1,1,A,0,0,0,0,0,0,0,0,0,0,0,0,0,0,0,0,0,0,1506910.0
15/03/2026,K League 2,2026,HWASEONG,CHEONAN CITY,2,2,0,1,D,0,0,0,0,0,0,0,0,0,0,0,0,0,0,0,0,0,0,1510266.0
15/03/2026,K League 2,2026,ASAN MUGUNGHWA,DAEGU FC,2,3,1,2,A,0,0,0,0,0,0,0,0,0,0,0,0,0,0,0,0,0,0,1510265.0
15/03/2026,Chinese Super League,2026,CHENGDU BETTER CITY,QINGDAO JONOON,1,0,0,0,H,16,11,8,1,11,18,4,8,1,1,0,0,507,323,1,7,60,40,1523074.0
15/03/2026,Chinese Super League,2026,SHANGHAI SIPG,QINGDAO YOUTH ISLAND,4,1,0,0,H,16,16,8,6,20,9,12,7,1,3,0,0,516,248,5,5,68,32,1523073.0
15/03/2026,J1 League,2025/2026,V-VAREN NAGASAKI,AVISPA FUKUOKA,1,0,0,0,H,13,11,3,4,8,12,7,3,1,0,0,0,495,321,3,2,60,40,1504708.0
17/03/2026,K League 1,2026,GIMCHEON SANGMU FC,GWANGJU FC,1,1,0,0,D,0,0,0,0,0,0,0,0,0,0,0,0,0,0,0,0,0,0,1506914.0
18/03/2026,K League 1,2026,JEJU UNITED FC,ULSAN HYUNDAI FC,0,2,0,0,A,0,0,0,0,0,0,0,0,0,0,0,0,0,0,0,0,0,0,1506917.0
18/03/2026,K League 1,2026,JEONBUK MOTORS,FC ANYANG,2,1,1,1,H,0,0,0,0,0,0,0,0,0,0,0,0,0,0,0,0,0,0,1506918.0
18/03/2026,J1 League,2025/2026,V-VAREN NAGASAKI,KYOTO SANGA,1,2,1,1,A,12,14,2,5,6,11,1,3,0,2,0,0,386,454,2,1,46,54,1504716.0
18/03/2026,K League 1,2026,POHANG STEELERS,FC SEOUL,0,1,0,1,A,0,0,0,0,0,0,0,0,0,0,0,0,0,0,0,0,0,0,1506919.0
18/03/2026,J1 League,2025/2026,NAGOYA GRAMPUS,SANFRECCE HIROSHIMA,2,1,1,0,H,13,17,7,3,11,16,7,5,1,2,0,0,360,462,2,5,44,56,1504713.0
18/03/2026,J1 League,2025/2026,VISSEL KOBE,GAMBA OSAKA,2,2,1,1,D,15,14,3,8,9,19,6,3,1,1,0,0,326,432,6,1,45,55,1504715.0
18/03/2026,J1 League,2025/2026,TOKYO VERDY,KAWASAKI FRONTALE,0,2,0,2,A,9,8,1,5,8,8,7,6,2,2,0,0,504,384,3,1,57,43,1504714.0
18/03/2026,J1 League,2025/2026,MITO HOLLYHOCK,YOKOHAMA F. MARINOS,1,0,0,0,H,15,5,3,1,11,9,3,4,1,0,0,0,543,282,1,1,66,34,1504712.0
18/03/2026,J1 League,2025/2026,JEF UNITED CHIBA,FC TOKYO,1,2,0,1,A,11,25,3,11,13,7,5,8,1,1,0,0,395,465,8,2,46,54,1504711.0
18/03/2026,J1 League,2025/2026,AVISPA FUKUOKA,SHIMIZU S-PULSE,1,1,0,0,D,13,7,2,2,11,7,5,2,2,1,0,0,407,354,1,1,53,47,1504710.0
18/03/2026,J1 League,2025/2026,CEREZO OSAKA,FAGIANO OKAYAMA,1,2,1,1,A,7,11,3,4,14,13,2,4,0,2,0,0,445,360,2,2,55,45,1504709.0
18/03/2026,J1 League,2025/2026,URAWA,KASHIWA REYSOL,1,1,0,0,D,13,15,4,4,6,9,4,7,0,1,0,0,345,534,3,3,39,61,1504718.0
18/03/2026,K League 1,2026,BUCHEON FC 1995,GANGWON FC,0,0,0,0,D,0,0,0,0,0,0,0,0,0,0,0,0,0,0,0,0,0,0,1506915.0
18/03/2026,K League 1,2026,INCHEON UNITED,DAEJEON CITIZEN,1,3,1,1,A,0,0,0,0,0,0,0,0,0,0,0,0,0,0,0,0,0,0,1506916.0
18/03/2026,J1 League,2025/2026,MACHIDA ZELVIA,KASHIMA,0,3,0,2,A,16,10,3,5,12,10,7,3,2,0,0,0,417,535,2,3,45,55,1504717.0
20/03/2026,Chinese Super League,2026,QINGDAO JONOON,HANGZHOU GREENTOWN,1,4,1,0,A,14,15,3,8,17,17,7,5,1,1,0,0,329,445,4,2,43,57,1523076.0
20/03/2026,Chinese Super League,2026,DALIAN ZHIXING,SHANGHAI SIPG,1,0,0,0,H,10,8,1,1,13,11,6,6,2,2,0,0,236,512,1,0,32,68,1523075.0
21/03/2026,J1 League,2025/2026,FAGIANO OKAYAMA,V-VAREN NAGASAKI,0,1,0,0,A,12,9,2,4,10,7,5,5,1,0,0,0,412,352,3,2,55,45,1504719.0
21/03/2026,K League 1,2026,DAEJEON CITIZEN,JEONBUK MOTORS,0,1,0,1,A,10,12,4,7,12,13,2,6,2,3,0,0,575,330,6,4,63,37,1506920.0
21/03/2026,K League 2,2026,CHEONGJU,ANSAN GREENERS,1,1,1,1,D,0,0,0,0,0,0,0,0,0,0,0,0,0,0,0,0,0,0,1510271.0
21/03/2026,Chinese Super League,2026,BEIJING GUOAN,SHANGHAI SHENHUA,1,1,1,0,D,12,6,3,1,13,16,9,4,2,3,0,0,283,336,0,2,48,52,1523077.0
21/03/2026,Chinese Super League,2026,SHENYANG URBAN,TIANJIN TEDA,3,0,1,0,H,15,10,5,2,11,11,6,9,1,1,0,1,437,274,2,2,61,39,1523078.0
21/03/2026,Chinese Super League,2026,HENAN JIANYE,WUHAN THREE TOWNS,1,1,0,0,D,19,7,4,2,13,7,13,6,2,2,0,0,427,227,1,4,66,34,1523079.0
21/03/2026,Chinese Super League,2026,YUNNAN YUKUN,SHANDONG LUNENG,4,0,3,0,H,17,6,8,1,8,19,10,5,2,3,0,1,329,351,1,4,49,51,1523082.0
21/03/2026,Chinese Super League,2026,CHONGQING TONGLIANG LONG,CHENGDU BETTER CITY,3,3,0,2,D,7,12,5,5,14,10,7,8,2,2,0,0,506,348,2,2,59,41,1523080.0
21/03/2026,J1 League,2025/2026,AVISPA FUKUOKA,GAMBA OSAKA,2,2,1,2,D,20,6,7,4,15,14,4,1,1,1,0,0,381,402,2,5,49,51,1504720.0
21/03/2026,K League 2,2026,CHEONAN CITY,SEOUL E-LAND FC,0,0,0,0,D,0,0,0,0,0,0,0,0,0,0,0,0,0,0,0,0,0,0,1510270.0
21/03/2026,K League 2,2026,SEONGNAM FC,ASAN MUGUNGHWA,2,1,1,0,H,0,0,0,0,0,0,0,0,0,0,0,0,0,0,0,0,0,0,1510269.0
21/03/2026,Chinese Super League,2026,QINGDAO YOUTH ISLAND,SICHUAN JIUNIU,1,0,0,0,H,15,11,5,4,12,21,8,6,2,3,0,0,310,334,4,4,48,52,1523081.0
21/03/2026,K League 2,2026,GIMHAE CITY,SUWON BLUEWINGS,0,3,0,1,A,0,0,0,0,0,0,0,0,0,0,0,0,0,0,0,0,0,0,1510267.0
21/03/2026,K League 2,2026,PAJU CITIZEN,JEONNAM DRAGONS,2,0,1,0,H,0,0,0,0,0,0,0,0,0,0,0,0,0,0,0,0,0,0,1510268.0
22/03/2026,J1 League,2025/2026,KAWASAKI FRONTALE,YOKOHAMA F. MARINOS,0,5,0,1,A,11,15,5,9,14,11,7,5,0,1,0,0,556,259,3,3,68,32,1504726.0
22/03/2026,J1 League,2025/2026,CEREZO OSAKA,VISSEL KOBE,1,1,1,0,D,7,11,3,1,11,8,8,7,1,2,0,0,453,437,0,2,50,50,1504724.0
22/03/2026,J1 League,2025/2026,KASHIMA,JEF UNITED CHIBA,2,1,1,0,H,18,10,4,2,8,14,10,4,1,1,0,0,650,324,1,2,66,34,1504725.0
22/03/2026,J1 League,2025/2026,URAWA,MACHIDA ZELVIA,1,2,0,1,A,19,15,6,6,8,12,6,2,2,2,0,0,435,413,4,5,52,48,1504728.0
22/03/2026,J1 League,2025/2026,KASHIWA REYSOL,MITO HOLLYHOCK,3,0,2,0,H,17,7,6,0,6,12,4,3,0,3,0,0,542,493,0,3,52,48,1504727.0
22/03/2026,K League 1,2026,FC SEOUL,GWANGJU FC,5,0,1,0,H,12,8,6,1,13,13,2,3,1,3,0,0,436,401,1,1,52,48,1506921.0
22/03/2026,J1 League,2025/2026,KYOTO SANGA,NAGOYA GRAMPUS,1,1,0,1,D,20,15,6,4,14,6,9,7,3,0,0,0,290,322,3,5,46,54,1504722.0
22/03/2026,J1 League,2025/2026,TOKYO VERDY,FC TOKYO,0,0,0,0,D,9,7,2,1,13,8,6,2,2,1,0,0,291,522,1,2,36,64,1504723.0
22/03/2026,K League 1,2026,ULSAN HYUNDAI FC,GIMCHEON SANGMU FC,0,0,0,0,D,19,10,4,2,19,10,4,2,0,4,0,0,355,609,2,4,37,63,1506922.0
22/03/2026,K League 1,2026,FC ANYANG,INCHEON UNITED,0,1,0,0,A,6,11,2,3,15,6,2,7,4,2,1,0,263,620,2,1,30,70,1506923.0
22/03/2026,K League 1,2026,GANGWON FC,JEJU UNITED FC,1,1,0,1,D,16,6,5,2,6,17,11,3,2,1,0,0,586,226,1,4,73,27,1506924.0
22/03/2026,K League 1,2026,POHANG STEELERS,BUCHEON FC 1995,0,0,0,0,D,11,13,0,2,11,9,7,4,2,1,1,0,357,353,2,0,50,50,1506925.0
22/03/2026,K League 2,2026,BUSAN I PARK,DAEGU FC,3,1,1,0,H,0,0,0,0,0,0,0,0,0,0,0,0,0,0,0,0,0,0,1510272.0
22/03/2026,K League 2,2026,HWASEONG,YONGIN CITY,0,0,0,0,D,0,0,0,0,0,0,0,0,0,0,0,0,0,0,0,0,0,0,1510273.0
22/03/2026,K League 2,2026,GYEONGNAM FC,GIMPO CITIZEN,1,0,0,0,H,0,0,0,0,0,0,0,0,0,0,0,0,0,0,0,0,0,0,1510274.0
22/03/2026,J1 League,2025/2026,SHIMIZU S-PULSE,SANFRECCE HIROSHIMA,3,1,2,0,H,12,15,7,5,11,11,4,5,0,1,0,0,330,389,4,3,45,55,1504721.0
27/03/2026,J1 League,2025/2026,VISSEL KOBE,SANFRECCE HIROSHIMA,2,1,0,0,H,10,12,2,3,13,12,2,5,3,0,0,0,447,325,1,0,58,42,1504698.0
28/03/2026,J1 League,2025/2026,MACHIDA ZELVIA,KAWASAKI FRONTALE,1,1,1,0,D,12,10,3,2,11,6,3,3,1,0,1,0,443,508,1,2,47,53,1504691.0
28/03/2026,K League 2,2026,ASAN MUGUNGHWA,HWASEONG,1,0,1,0,H,0,0,0,0,0,0,0,0,0,0,0,0,0,0,0,0,0,0,1510275.0
28/03/2026,K League 2,2026,YONGIN CITY,SUWON BLUEWINGS,0,1,0,1,A,0,0,0,0,0,0,0,0,0,0,0,0,0,0,0,0,0,0,1510276.0
28/03/2026,K League 2,2026,CHEONAN CITY,JEONNAM DRAGONS,1,0,1,0,H,0,0,0,0,0,0,0,0,0,0,0,0,0,0,0,0,0,0,1510278.0
28/03/2026,K League 2,2026,SEONGNAM FC,GIMPO CITIZEN,0,0,0,0,D,0,0,0,0,0,0,0,0,0,0,0,0,0,0,0,0,0,0,1510279.0
28/03/2026,K League 1,2026,POHANG STEELERS,GANGWON FC,1,0,0,0,H,0,0,0,0,0,0,0,0,0,0,0,0,0,0,0,0,0,0,1506902.0
28/03/2026,K League 2,2026,ANSAN GREENERS,GYEONGNAM FC,1,1,1,1,D,0,0,0,0,0,0,0,0,0,0,0,0,0,0,0,0,0,0,1510277.0
29/03/2026,K League 2,2026,CHEONGJU,BUSAN I PARK,1,2,0,1,A,0,0,0,0,0,0,0,0,0,0,0,0,0,0,0,0,0,0,1510280.0
29/03/2026,K League 2,2026,SUWON CITY FC,PAJU CITIZEN,2,1,2,1,H,0,0,0,0,0,0,0,0,0,0,0,0,0,0,0,0,0,0,1510281.0
29/03/2026,K League 2,2026,DAEGU FC,SEOUL E-LAND FC,1,3,1,2,A,0,0,0,0,0,0,0,0,0,0,0,0,0,0,0,0,0,0,1510282.0
01/04/2026,J1 League,2025/2026,VISSEL KOBE,SHIMIZU S-PULSE,2,0,1,0,H,9,5,3,2,7,11,0,6,1,1,0,0,410,450,2,1,47,53,1504756.0
01/04/2026,J1 League,2025/2026,MACHIDA ZELVIA,FC TOKYO,0,3,0,1,A,8,9,3,4,9,10,3,3,1,1,0,0,435,515,1,3,46,54,1504751.0
03/04/2026,Chinese Super League,2026,CHENGDU BETTER CITY,QINGDAO YOUTH ISLAND,5,1,2,0,H,14,9,8,1,14,18,6,3,1,2,0,0,397,360,0,3,53,47,1523083.0
04/04/2026,J1 League,2025/2026,JEF UNITED CHIBA,TOKYO VERDY,3,2,2,0,H,11,18,6,7,11,7,5,10,3,1,0,0,371,379,5,3,48,52,1504729.0
04/04/2026,J1 League,2025/2026,MITO HOLLYHOCK,KASHIMA,1,1,1,0,D,8,19,2,4,8,7,2,8,3,2,1,0,268,667,2,1,29,71,1504730.0
04/04/2026,Chinese Super League,2026,SHANDONG LUNENG,DALIAN ZHIXING,1,2,0,1,A,18,7,6,5,19,20,7,6,4,4,0,0,551,231,3,5,71,29,1523086.0
04/04/2026,K League 1,2026,JEJU UNITED FC,BUCHEON FC 1995,1,0,1,0,H,9,4,5,1,12,12,1,7,2,1,0,0,373,443,1,4,45,55,1506926.0
04/04/2026,Chinese Super League,2026,QINGDAO JONOON,HENAN JIANYE,1,0,0,0,H,7,18,3,5,14,8,4,9,1,4,0,0,337,439,5,2,42,58,1523085.0
04/04/2026,Chinese Super League,2026,SHENYANG URBAN,BEIJING GUOAN,2,1,2,0,H,13,11,5,4,17,14,3,1,1,2,0,0,346,470,3,3,42,58,1523084.0
04/04/2026,J1 League,2025/2026,GAMBA OSAKA,KYOTO SANGA,2,0,1,0,H,21,6,8,0,10,23,5,2,1,3,0,0,388,354,1,5,53,47,1504732.0
04/04/2026,K League 1,2026,JEONBUK MOTORS,ULSAN HYUNDAI FC,2,0,1,0,H,12,14,4,3,12,10,3,5,2,3,0,0,466,400,3,1,53,47,1506927.0
04/04/2026,K League 1,2026,GANGWON FC,GWANGJU FC,3,0,2,0,H,19,1,6,0,23,16,8,2,3,3,0,0,350,467,0,3,44,56,1506928.0
04/04/2026,K League 1,2026,POHANG STEELERS,DAEJEON CITIZEN,1,0,1,0,H,14,9,5,3,15,14,8,5,1,1,0,1,484,313,3,4,61,39,1506929.0
04/04/2026,K League 2,2026,HWASEONG,SEONGNAM FC,1,3,0,2,A,0,0,0,0,0,0,0,0,0,0,0,0,0,0,0,0,0,0,1510286.0
04/04/2026,K League 2,2026,GYEONGNAM FC,BUSAN I PARK,1,2,1,2,A,0,0,0,0,0,0,0,0,0,0,0,0,0,0,0,0,0,0,1510285.0
04/04/2026,K League 2,2026,YONGIN CITY,JEONNAM DRAGONS,2,2,1,0,D,0,0,0,0,0,0,0,0,0,0,0,0,0,0,0,0,0,0,1510284.0
04/04/2026,K League 2,2026,SEOUL E-LAND FC,SUWON CITY FC,3,0,1,0,H,0,0,0,0,0,0,0,0,0,0,0,0,0,0,0,0,0,0,1510283.0
04/04/2026,Chinese Super League,2026,SHANGHAI SIPG,YUNNAN YUKUN,2,1,1,0,H,12,18,4,7,11,12,4,6,3,2,0,0,429,319,5,2,57,43,1523087.0
04/04/2026,J1 League,2025/2026,NAGOYA GRAMPUS,CEREZO OSAKA,3,0,0,0,H,13,14,4,2,6,11,7,6,1,3,0,0,298,457,2,1,41,59,1504731.0
05/04/2026,Chinese Super League,2026,TIANJIN TEDA,SHANGHAI SHENHUA,2,3,1,1,A,13,19,5,4,9,12,7,9,1,2,0,0,377,389,1,3,49,51,1523090.0
05/04/2026,J1 League,2025/2026,KASHIWA REYSOL,YOKOHAMA F. MARINOS,3,0,1,0,H,17,5,4,2,10,6,6,3,1,0,0,1,523,295,2,2,63,37,1504734.0
05/04/2026,K League 2,2026,DAEGU FC,GIMPO CITIZEN,3,3,1,1,D,0,0,0,0,0,0,0,0,0,0,0,0,0,0,0,0,0,0,1510287.0
05/04/2026,K League 2,2026,SUWON BLUEWINGS,CHEONGJU,0,0,0,0,D,0,0,0,0,0,0,0,0,0,0,0,0,0,0,0,0,0,0,1510288.0
05/04/2026,K League 2,2026,ANSAN GREENERS,ASAN MUGUNGHWA,1,3,1,0,A,0,0,0,0,0,0,0,0,0,0,0,0,0,0,0,0,0,0,1510289.0
05/04/2026,K League 2,2026,PAJU CITIZEN,GIMHAE CITY,3,1,1,0,H,0,0,0,0,0,0,0,0,0,0,0,0,0,0,0,0,0,0,1510290.0
05/04/2026,K League 1,2026,FC ANYANG,FC SEOUL,1,1,0,1,D,8,10,2,2,15,19,4,9,3,3,0,0,294,396,1,1,43,57,1506930.0
05/04/2026,J1 League,2025/2026,V-VAREN NAGASAKI,SHIMIZU S-PULSE,0,3,0,3,A,7,11,1,4,10,10,4,4,0,1,0,0,559,464,1,1,54,46,1504733.0
05/04/2026,Chinese Super League,2026,SICHUAN JIUNIU,WUHAN THREE TOWNS,5,2,3,0,H,16,13,7,4,10,16,4,6,2,4,0,1,323,369,2,2,45,55,1523089.0
05/04/2026,K League 1,2026,INCHEON UNITED,GIMCHEON SANGMU FC,2,1,2,0,H,16,8,4,3,8,19,4,6,1,3,0,0,366,500,2,2,43,57,1506931.0
05/04/2026,J1 League,2025/2026,KAWASAKI FRONTALE,URAWA,3,2,1,1,H,14,13,3,3,6,20,7,3,2,1,0,0,390,350,1,1,53,47,1504738.0
05/04/2026,J1 League,2025/2026,FC TOKYO,MACHIDA ZELVIA,0,0,0,0,D,6,12,2,3,6,8,1,7,0,1,0,0,535,338,3,2,60,40,1504737.0
05/04/2026,J1 League,2025/2026,SANFRECCE HIROSHIMA,AVISPA FUKUOKA,0,1,0,1,A,14,13,4,3,10,9,5,3,2,3,0,0,673,223,1,4,75,25,1504736.0
05/04/2026,J1 League,2025/2026,FAGIANO OKAYAMA,VISSEL KOBE,1,4,0,2,A,9,13,3,7,15,10,6,6,1,2,0,0,306,379,4,2,46,54,1504735.0
05/04/2026,Chinese Super League,2026,HANGZHOU GREENTOWN,CHONGQING TONGLIANG LONG,0,1,0,0,A,10,8,2,3,9,14,9,1,1,2,1,0,559,239,2,2,70,30,1523088.0
10/04/2026,Chinese Super League,2026,DALIAN ZHIXING,HANGZHOU GREENTOWN,3,0,1,0,H,12,15,6,2,12,20,2,5,4,4,0,0,193,494,2,3,28,72,1523091.0
11/04/2026,K League 1,2026,INCHEON UNITED,ULSAN HYUNDAI FC,1,2,0,1,A,13,13,2,7,8,13,3,3,1,3,0,0,579,466,5,1,55,45,1506935.0
11/04/2026,J1 League,2025/2026,SANFRECCE HIROSHIMA,SHIMIZU S-PULSE,1,1,0,0,D,22,7,6,2,11,7,4,1,1,0,0,0,456,346,1,5,58,42,1504742.0
11/04/2026,K League 1,2026,GWANGJU FC,BUCHEON FC 1995,0,1,0,0,A,13,8,3,2,9,4,3,1,2,1,0,0,492,507,1,3,50,50,1506934.0
11/04/2026,K League 2,2026,PAJU CITIZEN,SEOUL E-LAND FC,1,3,1,1,A,0,0,0,0,0,0,0,0,0,0,0,0,0,0,0,0,0,0,1510294.0
11/04/2026,K League 2,2026,HWASEONG,JEONNAM DRAGONS,1,0,1,0,H,0,0,0,0,0,0,0,0,0,0,0,0,0,0,0,0,0,0,1510293.0
11/04/2026,K League 2,2026,SUWON CITY FC,DAEGU FC,2,2,2,1,D,0,0,0,0,0,0,0,0,0,0,0,0,0,0,0,0,0,0,1510292.0
11/04/2026,K League 2,2026,BUSAN I PARK,YONGIN CITY,2,0,0,0,H,0,0,0,0,0,0,0,0,0,0,0,0,0,0,0,0,0,0,1510291.0
11/04/2026,K League 1,2026,FC SEOUL,JEONBUK MOTORS,1,0,0,0,H,8,7,2,1,12,15,1,1,0,1,0,0,432,367,2,1,54,46,1506933.0
11/04/2026,J1 League,2025/2026,VISSEL KOBE,NAGOYA GRAMPUS,3,2,1,1,H,17,12,3,3,8,16,7,2,1,1,0,0,398,280,1,0,59,41,1504743.0
11/04/2026,K League 1,2026,POHANG STEELERS,JEJU UNITED FC,0,2,0,2,A,16,5,4,2,12,15,3,1,2,2,0,0,655,229,0,3,74,26,1506932.0
11/04/2026,J1 League,2025/2026,JEF UNITED CHIBA,MITO HOLLYHOCK,1,1,0,1,D,10,13,6,3,10,9,2,3,2,1,0,0,389,407,1,5,49,51,1504739.0
11/04/2026,J1 League,2025/2026,AVISPA FUKUOKA,V-VAREN NAGASAKI,1,0,0,0,H,14,2,4,1,20,12,7,2,0,2,0,0,330,474,1,3,42,58,1504740.0
11/04/2026,Chinese Super League,2026,QINGDAO YOUTH ISLAND,SHENYANG URBAN,1,1,1,0,D,9,16,5,6,22,20,1,7,2,2,1,0,181,525,5,4,25,75,1523093.0
11/04/2026,J1 League,2025/2026,MACHIDA ZELVIA,KASHIWA REYSOL,1,0,0,0,H,16,4,4,1,6,8,5,2,0,0,0,0,431,479,1,3,48,52,1504741.0
11/04/2026,J1 League,2025/2026,YOKOHAMA F. MARINOS,FC TOKYO,1,3,0,1,A,9,9,1,5,10,13,4,4,0,2,0,0,432,323,3,0,57,43,1504744.0
11/04/2026,J1 League,2025/2026,GAMBA OSAKA,CEREZO OSAKA,0,1,0,1,A,18,9,7,5,9,14,3,1,3,2,0,0,428,388,4,5,53,47,1504745.0
11/04/2026,J1 League,2025/2026,KYOTO SANGA,FAGIANO OKAYAMA,5,1,3,1,H,17,12,10,1,8,11,6,11,3,0,0,0,334,236,0,5,57,43,1504746.0
11/04/2026,Chinese Super League,2026,CHONGQING TONGLIANG LONG,WUHAN THREE TOWNS,2,1,2,0,H,11,6,7,1,8,11,2,6,0,0,1,0,479,422,0,5,52,48,1523092.0
11/04/2026,Chinese Super League,2026,HENAN JIANYE,SHANDONG LUNENG,0,1,0,1,A,8,8,2,2,11,19,4,3,0,1,0,0,464,320,1,2,59,41,1523094.0
11/04/2026,Chinese Super League,2026,SHANGHAI SHENHUA,SHANGHAI SIPG,1,0,0,0,H,16,9,7,2,18,12,7,4,3,3,0,0,338,441,2,6,43,57,1523095.0
12/04/2026,K League 2,2026,ASAN MUGUNGHWA,GIMHAE CITY,1,1,1,0,D,0,0,0,0,0,0,0,0,0,0,0,0,0,0,0,0,0,0,1510297.0
12/04/2026,K League 2,2026,SUWON BLUEWINGS,GIMPO CITIZEN,0,1,0,0,A,0,0,0,0,0,0,0,0,0,0,0,0,0,0,0,0,0,0,1510296.0
12/04/2026,K League 2,2026,CHEONAN CITY,CHEONGJU,2,2,0,1,D,0,0,0,0,0,0,0,0,0,0,0,0,0,0,0,0,0,0,1510295.0
12/04/2026,K League 2,2026,SEONGNAM FC,ANSAN GREENERS,0,1,0,1,A,0,0,0,0,0,0,0,0,0,0,0,0,0,0,0,0,0,0,1510298.0
12/04/2026,Chinese Super League,2026,BEIJING GUOAN,CHENGDU BETTER CITY,1,2,0,0,A,10,12,2,5,13,18,2,10,1,4,0,0,399,339,3,1,53,47,1523097.0
12/04/2026,Chinese Super League,2026,SICHUAN JIUNIU,YUNNAN YUKUN,3,4,2,3,A,19,14,5,5,13,13,8,0,3,3,0,0,450,298,1,2,61,39,1523098.0
12/04/2026,J1 League,2025/2026,URAWA,TOKYO VERDY,1,1,0,0,D,16,7,4,2,8,15,6,2,2,3,0,0,495,312,1,3,62,38,1504747.0
12/04/2026,K League 1,2026,GIMCHEON SANGMU FC,FC ANYANG,1,1,0,0,D,0,0,0,0,0,0,0,0,0,0,0,0,0,0,0,0,0,0,1506937.0
12/04/2026,K League 1,2026,DAEJEON CITIZEN,GANGWON FC,0,2,0,1,A,0,0,0,0,0,0,0,0,0,0,0,0,0,0,0,0,0,0,1506936.0
12/04/2026,Chinese Super League,2026,TIANJIN TEDA,QINGDAO JONOON,1,1,0,0,D,2,12,2,5,12,14,2,5,4,2,1,0,326,355,5,1,47,53,1523096.0
12/04/2026,J1 League,2025/2026,KAWASAKI FRONTALE,KASHIMA,0,2,0,0,A,14,10,3,4,12,6,10,6,1,2,0,0,498,415,2,2,55,45,1504748.0
15/04/2026,K League 1,2026,ULSAN HYUNDAI FC,FC SEOUL,1,4,0,3,A,0,0,0,0,0,0,0,0,0,0,0,0,0,0,0,0,0,0,1506903.0
17/04/2026,Chinese Super League,2026,SHANDONG LUNENG,SHANGHAI SIPG,1,1,0,1,D,18,8,5,3,17,13,4,1,3,6,0,0,496,314,2,4,61,39,1523101.0
17/04/2026,Chinese Super League,2026,QINGDAO JONOON,QINGDAO YOUTH ISLAND,0,0,0,0,D,11,8,3,1,8,10,4,3,1,1,0,0,277,419,1,2,40,60,1523099.0
17/04/2026,Chinese Super League,2026,HANGZHOU GREENTOWN,BEIJING GUOAN,0,0,0,0,D,15,10,4,3,12,13,9,7,2,3,0,0,239,517,3,4,32,68,1523104.0
17/04/2026,Chinese Super League,2026,YUNNAN YUKUN,TIANJIN TEDA,0,3,0,1,A,24,8,2,3,12,9,5,2,3,3,1,0,478,210,1,2,70,30,1523103.0
17/04/2026,Chinese Super League,2026,WUHAN THREE TOWNS,CHENGDU BETTER CITY,0,1,0,0,A,15,9,2,3,9,17,5,4,3,2,0,0,388,369,2,2,52,48,1523102.0
17/04/2026,Chinese Super League,2026,CHONGQING TONGLIANG LONG,SICHUAN JIUNIU,2,0,0,0,H,12,6,4,1,6,8,11,1,0,2,0,1,612,293,1,2,68,32,1523100.0
18/04/2026,J1 League,2025/2026,YOKOHAMA F. MARINOS,KAWASAKI FRONTALE,1,2,1,1,A,11,8,3,4,8,9,1,2,1,1,0,0,455,443,2,2,51,49,1504749.0
18/04/2026,J1 League,2025/2026,KASHIMA,URAWA,1,0,0,0,H,12,11,5,1,10,18,7,4,0,2,0,0,490,348,1,4,58,42,1504750.0
18/04/2026,J1 League,2025/2026,SANFRECCE HIROSHIMA,V-VAREN NAGASAKI,2,0,1,0,H,22,8,9,1,5,13,6,1,0,3,0,1,520,337,1,7,62,38,1504752.0
18/04/2026,K League 2,2026,DAEGU FC,CHEONAN CITY,1,2,1,0,A,0,0,0,0,0,0,0,0,0,0,0,0,0,0,0,0,0,0,1510302.0
18/04/2026,K League 2,2026,CHEONGJU,GIMHAE CITY,1,1,0,0,D,0,0,0,0,0,0,0,0,0,0,0,0,0,0,0,0,0,0,1510301.0
18/04/2026,K League 2,2026,BUSAN I PARK,SUWON CITY FC,2,1,2,0,H,0,0,0,0,0,0,0,0,0,0,0,0,0,0,0,0,0,0,1510299.0
18/04/2026,Chinese Super League,2026,DALIAN ZHIXING,HENAN JIANYE,2,1,0,1,H,20,4,3,2,16,19,6,2,1,3,0,0,412,302,1,1,58,42,1523105.0
18/04/2026,Chinese Super League,2026,SHANGHAI SHENHUA,SHENYANG URBAN,3,1,3,0,H,19,18,8,9,12,11,3,4,0,1,0,0,466,516,7,5,47,53,1523106.0
18/04/2026,K League 2,2026,GYEONGNAM FC,SUWON BLUEWINGS,0,1,0,0,A,0,0,0,0,0,0,0,0,0,0,0,0,0,0,0,0,0,0,1510300.0
18/04/2026,J1 League,2025/2026,TOKYO VERDY,JEF UNITED CHIBA,1,0,0,0,H,15,3,4,0,13,14,3,5,0,2,0,0,385,436,0,3,47,53,1504753.0
18/04/2026,J1 League,2025/2026,CEREZO OSAKA,KYOTO SANGA,3,0,1,0,H,9,13,4,4,4,16,3,5,0,4,0,0,368,378,4,1,49,51,1504754.0
18/04/2026,K League 1,2026,GANGWON FC,JEONBUK MOTORS,1,1,0,1,D,11,17,7,7,19,13,5,5,4,3,0,0,297,446,6,6,41,59,1506938.0
18/04/2026,K League 1,2026,FC SEOUL,DAEJEON CITIZEN,0,1,0,1,A,13,9,6,2,13,9,5,6,0,4,0,0,481,339,1,6,59,41,1506939.0
18/04/2026,K League 1,2026,BUCHEON FC 1995,INCHEON UNITED,2,2,0,2,D,14,13,6,4,14,13,2,5,2,1,0,0,364,443,1,4,45,55,1506940.0
18/04/2026,K League 1,2026,JEJU UNITED FC,GIMCHEON SANGMU FC,1,1,0,1,D,7,6,4,3,17,23,1,4,0,3,0,0,332,609,2,3,36,64,1506941.0
19/04/2026,J1 League,2025/2026,MITO HOLLYHOCK,KASHIWA REYSOL,2,0,0,0,H,9,7,3,3,10,4,7,6,2,0,0,1,509,437,3,1,54,46,1504755.0
19/04/2026,K League 1,2026,POHANG STEELERS,FC ANYANG,0,1,0,0,A,0,0,0,0,0,0,0,0,0,0,0,0,0,0,0,0,0,0,1506943.0
19/04/2026,K League 1,2026,ULSAN HYUNDAI FC,GWANGJU FC,5,1,2,1,H,0,0,0,0,0,0,0,0,0,0,0,0,0,0,0,0,0,0,1506942.0
19/04/2026,J1 League,2025/2026,NAGOYA GRAMPUS,AVISPA FUKUOKA,2,2,0,2,D,14,9,4,6,7,15,5,5,1,4,0,0,467,270,4,2,64,36,1504758.0
19/04/2026,K League 2,2026,HWASEONG,GIMPO CITIZEN,2,2,0,1,D,0,0,0,0,0,0,0,0,0,0,0,0,0,0,0,0,0,0,1510306.0
19/04/2026,K League 2,2026,ASAN MUGUNGHWA,JEONNAM DRAGONS,2,2,1,2,D,0,0,0,0,0,0,0,0,0,0,0,0,0,0,0,0,0,0,1510305.0
19/04/2026,K League 2,2026,SEONGNAM FC,PAJU CITIZEN,0,1,0,0,A,0,0,0,0,0,0,0,0,0,0,0,0,0,0,0,0,0,0,1510304.0
19/04/2026,K League 2,2026,ANSAN GREENERS,SEOUL E-LAND FC,0,2,0,0,A,0,0,0,0,0,0,0,0,0,0,0,0,0,0,0,0,0,0,1510303.0
19/04/2026,J1 League,2025/2026,GAMBA OSAKA,FAGIANO OKAYAMA,2,2,1,1,D,14,5,5,1,8,13,9,2,1,1,0,0,622,224,0,3,73,27,1504757.0
21/04/2026,Chinese Super League,2026,TIANJIN TEDA,SHANDONG LUNENG,1,2,1,0,A,11,11,2,3,8,15,3,6,2,2,0,0,396,418,1,1,48,52,1523111.0
21/04/2026,Chinese Super League,2026,SHANGHAI SIPG,CHONGQING TONGLIANG LONG,1,2,0,2,A,15,3,3,2,9,19,11,4,3,3,0,0,651,271,0,2,71,29,1523110.0
21/04/2026,Chinese Super League,2026,WUHAN THREE TOWNS,HANGZHOU GREENTOWN,2,0,1,0,H,14,8,3,2,13,11,6,7,1,4,0,0,385,434,2,1,47,53,1523109.0
21/04/2026,Chinese Super League,2026,CHENGDU BETTER CITY,YUNNAN YUKUN,2,1,0,1,H,16,16,8,4,12,11,4,3,2,0,0,0,443,376,3,6,54,46,1523108.0
21/04/2026,Chinese Super League,2026,SICHUAN JIUNIU,BEIJING GUOAN,0,1,0,0,A,11,11,2,4,12,15,3,7,2,2,0,0,266,461,3,2,36,64,1523107.0
21/04/2026,K League 1,2026,GIMCHEON SANGMU FC,GANGWON FC,0,3,0,2,A,0,0,0,0,0,0,0,0,0,0,0,0,0,0,0,0,0,0,1506944.0
21/04/2026,K League 1,2026,JEONBUK MOTORS,INCHEON UNITED,1,2,1,1,A,0,0,0,0,0,0,0,0,0,0,0,0,0,0,0,0,0,0,1506945.0
21/04/2026,K League 1,2026,FC SEOUL,BUCHEON FC 1995,3,0,2,0,H,0,0,0,0,0,0,0,0,0,0,0,0,0,0,0,0,0,0,1506946.0
22/04/2026,K League 1,2026,POHANG STEELERS,GWANGJU FC,1,0,1,0,H,0,0,0,0,0,0,0,0,0,0,0,0,0,0,0,0,0,0,1506949.0
22/04/2026,J1 League,2025/2026,GAMBA OSAKA,AVISPA FUKUOKA,1,2,1,2,A,15,8,4,4,8,15,5,5,1,4,0,0,612,279,2,3,68,32,1504817.0
22/04/2026,Chinese Super League,2026,QINGDAO YOUTH ISLAND,HENAN JIANYE,0,0,0,0,D,6,7,1,2,18,12,4,3,1,3,0,0,365,440,2,1,45,55,1523113.0
22/04/2026,K League 1,2026,FC ANYANG,ULSAN HYUNDAI FC,1,1,1,0,D,0,0,0,0,0,0,0,0,0,0,0,0,0,0,0,0,0,0,1506947.0
22/04/2026,Chinese Super League,2026,SHENYANG URBAN,DALIAN ZHIXING,0,1,0,0,A,6,11,2,4,15,12,4,6,2,1,0,0,418,328,3,2,56,44,1523112.0
22/04/2026,Chinese Super League,2026,SHANGHAI SHENHUA,QINGDAO JONOON,2,0,0,0,H,21,10,8,3,19,9,9,4,4,4,0,0,475,368,3,6,56,44,1523114.0
22/04/2026,K League 1,2026,DAEJEON CITIZEN,JEJU UNITED FC,0,1,0,1,A,0,0,0,0,0,0,0,0,0,0,0,0,0,0,0,0,0,0,1506948.0
24/04/2026,J1 League,2025/2026,FC TOKYO,MITO HOLLYHOCK,5,2,3,1,H,21,9,10,3,6,3,7,1,0,2,0,0,456,490,1,5,49,51,1504759.0
24/04/2026,J1 League,2025/2026,KASHIWA REYSOL,KASHIMA,0,1,0,1,A,13,12,2,3,11,15,8,2,2,2,0,1,496,462,3,2,52,48,1504760.0
25/04/2026,J1 League,2025/2026,SANFRECCE HIROSHIMA,CEREZO OSAKA,2,1,0,1,H,16,11,6,5,9,14,11,5,1,1,0,0,520,368,4,5,59,41,1504766.0
25/04/2026,K League 1,2026,GANGWON FC,FC SEOUL,1,2,0,1,A,17,7,4,2,23,11,7,3,5,0,1,1,339,382,0,3,48,52,1506950.0
25/04/2026,K League 1,2026,BUCHEON FC 1995,GIMCHEON SANGMU FC,0,2,0,1,A,10,15,4,4,14,14,1,7,2,5,1,0,345,464,2,4,42,58,1506951.0
25/04/2026,K League 1,2026,INCHEON UNITED,JEJU UNITED FC,1,0,0,0,H,4,9,1,4,18,17,5,3,3,2,0,0,532,411,4,0,56,44,1506952.0
25/04/2026,J1 League,2025/2026,KAWASAKI FRONTALE,JEF UNITED CHIBA,2,1,1,0,H,10,16,5,6,8,13,5,3,2,1,0,0,434,488,5,3,47,53,1504765.0
25/04/2026,J1 League,2025/2026,URAWA,YOKOHAMA F. MARINOS,2,3,1,1,A,15,8,4,4,9,13,9,2,1,1,0,0,435,291,1,3,61,39,1504764.0
25/04/2026,J1 League,2025/2026,V-VAREN NAGASAKI,GAMBA OSAKA,1,1,0,0,D,11,17,4,7,11,6,7,8,1,0,0,0,304,392,6,3,45,55,1504767.0
25/04/2026,J1 League,2025/2026,FAGIANO OKAYAMA,AVISPA FUKUOKA,2,0,1,0,H,6,9,2,2,11,13,3,7,0,2,0,0,288,452,2,0,39,61,1504762.0
25/04/2026,Chinese Super League,2026,CHENGDU BETTER CITY,HANGZHOU GREENTOWN,4,0,3,0,H,16,12,4,3,11,15,2,3,1,4,1,0,509,363,3,0,58,42,1523115.0
25/04/2026,Chinese Super League,2026,BEIJING GUOAN,TIANJIN TEDA,2,4,0,2,A,21,10,6,8,14,9,17,3,2,1,0,0,658,219,4,4,76,24,1523116.0
25/04/2026,K League 2,2026,PAJU CITIZEN,GYEONGNAM FC,2,3,2,1,A,0,0,0,0,0,0,0,0,0,0,0,0,0,0,0,0,0,0,1510307.0
25/04/2026,K League 2,2026,SUWON BLUEWINGS,BUSAN I PARK,3,2,1,0,H,0,0,0,0,0,0,0,0,0,0,0,0,0,0,0,0,0,0,1510308.0
25/04/2026,K League 2,2026,ANSAN GREENERS,JEONNAM DRAGONS,2,1,0,1,H,0,0,0,0,0,0,0,0,0,0,0,0,0,0,0,0,0,0,1510309.0
25/04/2026,Chinese Super League,2026,SHANGHAI SIPG,WUHAN THREE TOWNS,4,0,1,0,H,14,6,6,3,14,22,3,3,0,1,0,0,540,354,3,2,60,40,1523117.0
25/04/2026,J1 League,2025/2026,SHIMIZU S-PULSE,NAGOYA GRAMPUS,0,2,0,1,A,6,9,1,5,14,8,1,3,0,0,0,0,492,464,3,1,51,49,1504763.0
25/04/2026,K League 2,2026,CHEONAN CITY,SEONGNAM FC,1,1,0,1,D,0,0,0,0,0,0,0,0,0,0,0,0,0,0,0,0,0,0,1510310.0
26/04/2026,Chinese Super League,2026,HENAN JIANYE,SHANGHAI SHENHUA,0,3,0,1,A,9,12,1,7,9,9,11,3,1,0,0,0,484,354,4,1,58,42,1523122.0
26/04/2026,Chinese Super League,2026,DALIAN ZHIXING,YUNNAN YUKUN,1,3,0,3,A,23,9,9,6,15,18,13,1,1,3,0,0,349,375,3,6,50,50,1523120.0
26/04/2026,K League 1,2026,GWANGJU FC,FC ANYANG,2,5,0,3,A,15,13,5,12,10,14,4,2,5,3,0,0,395,507,6,3,45,55,1506954.0
26/04/2026,K League 1,2026,JEONBUK MOTORS,POHANG STEELERS,3,2,2,1,H,8,14,5,5,16,6,5,4,4,1,0,0,458,339,3,2,57,43,1506953.0
26/04/2026,Chinese Super League,2026,CHONGQING TONGLIANG LONG,QINGDAO YOUTH ISLAND,1,1,1,1,D,7,6,2,2,21,18,3,2,2,3,0,0,482,349,1,1,58,42,1523118.0
26/04/2026,Chinese Super League,2026,SICHUAN JIUNIU,SHENYANG URBAN,1,0,1,0,H,9,12,2,3,12,15,1,8,4,3,0,0,308,518,3,1,36,64,1523119.0
26/04/2026,Chinese Super League,2026,QINGDAO JONOON,SHANDONG LUNENG,4,1,2,0,H,12,14,5,6,10,15,4,6,3,2,0,0,324,428,5,1,43,57,1523121.0
26/04/2026,K League 1,2026,ULSAN HYUNDAI FC,DAEJEON CITIZEN,1,4,0,3,A,20,15,4,9,20,15,6,4,3,1,0,0,583,425,5,3,58,42,1506955.0
26/04/2026,K League 2,2026,SEOUL E-LAND FC,HWASEONG,1,2,0,1,A,0,0,0,0,0,0,0,0,0,0,0,0,0,0,0,0,0,0,1510311.0
26/04/2026,K League 2,2026,YONGIN CITY,GIMHAE CITY,4,1,3,0,H,0,0,0,0,0,0,0,0,0,0,0,0,0,0,0,0,0,0,1510314.0
26/04/2026,K League 2,2026,CHEONGJU,ASAN MUGUNGHWA,0,0,0,0,D,0,0,0,0,0,0,0,0,0,0,0,0,0,0,0,0,0,0,1510313.0
26/04/2026,K League 2,2026,SUWON CITY FC,GIMPO CITIZEN,1,1,1,0,D,0,0,0,0,0,0,0,0,0,0,0,0,0,0,0,0,0,0,1510312.0
29/04/2026,J1 League,2025/2026,JEF UNITED CHIBA,YOKOHAMA F. MARINOS,2,3,1,0,A,11,13,4,4,12,6,4,4,0,0,0,0,316,479,1,2,40,60,1504772.0
29/04/2026,J1 League,2025/2026,AVISPA FUKUOKA,SANFRECCE HIROSHIMA,2,2,1,2,D,11,15,3,4,11,13,3,3,3,2,1,0,362,472,1,1,43,57,1504771.0
29/04/2026,J1 League,2025/2026,TOKYO VERDY,KASHIMA,2,1,2,1,H,18,10,5,3,17,8,6,4,1,2,0,1,268,554,2,3,33,67,1504770.0
29/04/2026,J1 League,2025/2026,SHIMIZU S-PULSE,V-VAREN NAGASAKI,1,2,1,1,A,7,18,1,6,10,7,3,4,0,2,1,0,345,463,4,0,43,57,1504769.0
29/04/2026,J1 League,2025/2026,VISSEL KOBE,CEREZO OSAKA,0,0,0,0,D,10,9,3,4,10,10,5,3,2,1,0,0,586,342,4,4,63,37,1504773.0
29/04/2026,J1 League,2025/2026,KYOTO SANGA,GAMBA OSAKA,1,1,0,0,D,12,8,2,1,14,7,7,3,0,1,0,0,348,333,0,1,52,48,1504774.0
29/04/2026,J1 League,2025/2026,KASHIWA REYSOL,FC TOKYO,1,3,0,1,A,13,18,6,9,8,7,5,4,1,0,0,0,507,382,6,5,57,43,1504777.0
29/04/2026,J1 League,2025/2026,URAWA,KAWASAKI FRONTALE,2,0,0,0,H,18,7,6,1,10,8,9,1,1,0,0,0,585,383,1,4,60,40,1504776.0
29/04/2026,J1 League,2025/2026,MITO HOLLYHOCK,MACHIDA ZELVIA,2,2,0,1,D,11,13,4,5,6,7,6,10,0,1,0,0,532,350,3,4,60,40,1504778.0
29/04/2026,J1 League,2025/2026,NAGOYA GRAMPUS,FAGIANO OKAYAMA,1,1,0,0,D,10,14,3,4,6,13,7,2,1,2,0,0,577,312,3,2,65,35,1504775.0
01/05/2026,Chinese Super League,2026,SHANGHAI SHENHUA,CHENGDU BETTER CITY,2,3,2,1,A,21,11,6,4,17,10,10,4,3,4,0,0,315,498,1,4,39,61,1523127.0
01/05/2026,Chinese Super League,2026,TIANJIN TEDA,WUHAN THREE TOWNS,2,2,0,0,D,9,8,3,5,14,12,6,3,2,4,0,1,466,350,3,1,58,42,1523126.0
01/05/2026,Chinese Super League,2026,SHANDONG LUNENG,QINGDAO YOUTH ISLAND,1,1,0,1,D,20,10,3,2,22,17,5,6,3,5,0,0,417,266,1,2,60,40,1523125.0
01/05/2026,Chinese Super League,2026,HENAN JIANYE,SHENYANG URBAN,4,0,2,0,H,10,8,4,0,14,9,4,4,1,2,0,0,373,437,0,0,46,54,1523124.0
01/05/2026,Chinese Super League,2026,DALIAN ZHIXING,CHONGQING TONGLIANG LONG,1,0,0,0,H,10,6,1,3,15,14,8,3,2,3,0,0,369,448,3,0,47,53,1523123.0
02/05/2026,K League 1,2026,INCHEON UNITED,GANGWON FC,0,1,0,1,A,0,0,0,0,0,0,0,0,0,0,0,0,0,0,0,0,0,0,1506958.0
02/05/2026,K League 1,2026,JEJU UNITED FC,JEONBUK MOTORS,0,2,0,1,A,0,0,0,0,0,0,0,0,0,0,0,0,0,0,0,0,0,0,1506959.0
02/05/2026,K League 1,2026,FC ANYANG,BUCHEON FC 1995,0,1,0,0,A,0,0,0,0,0,0,0,0,0,0,0,0,0,0,0,0,0,0,1506960.0
02/05/2026,K League 1,2026,ULSAN HYUNDAI FC,POHANG STEELERS,0,1,0,0,A,0,0,0,0,0,0,0,0,0,0,0,0,0,0,0,0,0,0,1506957.0
02/05/2026,Chinese Super League,2026,HANGZHOU GREENTOWN,SICHUAN JIUNIU,2,1,1,1,H,16,9,8,6,13,12,6,9,3,1,0,0,338,276,5,6,55,45,1523129.0
02/05/2026,K League 1,2026,FC SEOUL,GIMCHEON SANGMU FC,2,3,1,1,A,0,0,0,0,0,0,0,0,0,0,0,0,0,0,0,0,0,0,1506956.0
02/05/2026,Chinese Super League,2026,QINGDAO JONOON,SHANGHAI SIPG,3,1,1,0,H,11,11,4,3,15,16,1,5,1,4,0,1,269,489,2,1,36,64,1523128.0
02/05/2026,J1 League,2025/2026,URAWA,JEF UNITED CHIBA,2,0,1,0,H,12,9,6,1,15,11,6,7,0,2,0,0,463,377,1,4,55,45,1504784.0
02/05/2026,J1 League,2025/2026,GAMBA OSAKA,VISSEL KOBE,5,0,2,0,H,11,14,8,5,10,6,3,6,0,1,0,0,314,557,5,3,35,65,1504783.0
02/05/2026,Chinese Super League,2026,YUNNAN YUKUN,BEIJING GUOAN,3,3,1,1,D,12,11,5,6,9,7,5,8,0,0,0,0,392,435,4,2,48,52,1523130.0
02/05/2026,K League 1,2026,GWANGJU FC,DAEJEON CITIZEN,0,5,0,2,A,0,0,0,0,0,0,0,0,0,0,0,0,0,0,0,0,0,0,1506961.0
02/05/2026,J1 League,2025/2026,YOKOHAMA F. MARINOS,MITO HOLLYHOCK,1,1,1,1,D,10,19,4,7,8,5,4,8,1,1,0,0,275,474,6,3,36,64,1504782.0
02/05/2026,J1 League,2025/2026,KYOTO SANGA,SHIMIZU S-PULSE,1,2,1,0,A,16,18,5,5,12,5,8,10,6,1,1,0,277,343,3,4,45,55,1504781.0
02/05/2026,J1 League,2025/2026,FC TOKYO,KAWASAKI FRONTALE,2,0,1,0,H,12,10,5,1,9,8,6,3,1,1,0,0,455,531,1,3,46,54,1504780.0
02/05/2026,J1 League,2025/2026,FAGIANO OKAYAMA,SANFRECCE HIROSHIMA,1,0,0,0,H,13,11,2,2,17,9,5,4,3,1,0,0,285,438,2,1,40,60,1504779.0
03/05/2026,K League 2,2026,HWASEONG,ANSAN GREENERS,2,0,0,0,H,0,0,0,0,0,0,0,0,0,0,0,0,0,0,0,0,0,0,1510316.0
03/05/2026,K League 2,2026,SEOUL E-LAND FC,GIMPO CITIZEN,2,1,1,1,H,0,0,0,0,0,0,0,0,0,0,0,0,0,0,0,0,0,0,1510317.0
03/05/2026,K League 2,2026,PAJU CITIZEN,CHEONGJU,0,0,0,0,D,0,0,0,0,0,0,0,0,0,0,0,0,0,0,0,0,0,0,1510320.0
03/05/2026,K League 2,2026,YONGIN CITY,SEONGNAM FC,1,2,0,0,A,0,0,0,0,0,0,0,0,0,0,0,0,0,0,0,0,0,0,1510321.0
03/05/2026,K League 2,2026,SUWON CITY FC,SUWON BLUEWINGS,3,1,0,1,H,0,0,0,0,0,0,0,0,0,0,0,0,0,0,0,0,0,0,1510322.0
03/05/2026,K League 2,2026,DAEGU FC,GYEONGNAM FC,2,0,0,0,H,0,0,0,0,0,0,0,0,0,0,0,0,0,0,0,0,0,0,1510315.0
03/05/2026,K League 2,2026,CHEONAN CITY,ASAN MUGUNGHWA,1,0,1,0,H,0,0,0,0,0,0,0,0,0,0,0,0,0,0,0,0,0,0,1510318.0
03/05/2026,K League 2,2026,GIMHAE CITY,BUSAN I PARK,0,1,0,1,A,0,0,0,0,0,0,0,0,0,0,0,0,0,0,0,0,0,0,1510319.0
03/05/2026,J1 League,2025/2026,KASHIMA,MACHIDA ZELVIA,1,1,0,0,D,10,12,3,5,8,13,7,5,0,4,0,0,514,338,4,2,60,40,1504787.0
03/05/2026,J1 League,2025/2026,CEREZO OSAKA,AVISPA FUKUOKA,1,1,1,1,D,7,8,1,4,12,6,7,3,2,0,0,0,686,276,2,0,72,28,1504786.0
03/05/2026,J1 League,2025/2026,TOKYO VERDY,KASHIWA REYSOL,1,0,0,0,H,11,10,3,3,9,9,3,10,1,0,0,0,272,787,3,2,26,74,1504785.0
03/05/2026,J1 League,2025/2026,V-VAREN NAGASAKI,NAGOYA GRAMPUS,1,2,1,1,A,18,12,9,6,12,3,9,9,1,0,0,0,390,400,4,7,50,50,1504788.0
05/05/2026,K League 1,2026,FC SEOUL,FC ANYANG,0,0,0,0,D,0,0,0,0,0,0,0,0,0,0,0,0,0,0,0,0,0,0,1506967.0
05/05/2026,K League 1,2026,GIMCHEON SANGMU FC,ULSAN HYUNDAI FC,1,2,0,1,A,0,0,0,0,0,0,0,0,0,0,0,0,0,0,0,0,0,0,1506966.0
05/05/2026,K League 1,2026,GANGWON FC,POHANG STEELERS,1,1,0,0,D,0,0,0,0,0,0,0,0,0,0,0,0,0,0,0,0,0,0,1506965.0
05/05/2026,K League 1,2026,DAEJEON CITIZEN,INCHEON UNITED,0,0,0,0,D,0,0,0,0,0,0,0,0,0,0,0,0,0,0,0,0,0,0,1506964.0
05/05/2026,K League 1,2026,JEONBUK MOTORS,GWANGJU FC,4,0,1,0,H,0,0,0,0,0,0,0,0,0,0,0,0,0,0,0,0,0,0,1506963.0
05/05/2026,K League 1,2026,BUCHEON FC 1995,JEJU UNITED FC,0,1,0,0,A,0,0,0,0,0,0,0,0,0,0,0,0,0,0,0,0,0,0,1506962.0
05/05/2026,Chinese Super League,2026,QINGDAO YOUTH ISLAND,TIANJIN TEDA,1,1,1,1,D,14,7,4,3,15,13,7,3,1,0,0,0,532,302,2,3,64,36,1523131.0
05/05/2026,Chinese Super League,2026,SHENYANG URBAN,CHENGDU BETTER CITY,0,1,0,0,A,5,17,1,5,7,16,3,10,4,2,0,0,264,592,4,1,31,69,1523132.0
05/05/2026,Chinese Super League,2026,CHONGQING TONGLIANG LONG,HENAN JIANYE,1,1,0,0,D,11,4,5,1,10,18,2,5,3,3,0,0,389,449,1,4,46,54,1523134.0
05/05/2026,Chinese Super League,2026,SHANDONG LUNENG,SHANGHAI SHENHUA,4,1,2,0,H,20,10,7,4,12,12,6,3,1,2,0,0,392,442,2,3,46,54,1523133.0
06/05/2026,J1 League,2025/2026,FC TOKYO,JEF UNITED CHIBA,0,3,0,1,A,23,14,3,3,17,16,7,2,1,1,0,0,501,306,0,3,62,38,1504793.0
06/05/2026,J1 League,2025/2026,SANFRECCE HIROSHIMA,VISSEL KOBE,1,1,1,0,D,21,9,7,2,8,6,6,1,2,2,0,0,444,320,1,6,58,42,1504794.0
06/05/2026,J1 League,2025/2026,NAGOYA GRAMPUS,GAMBA OSAKA,2,1,2,0,H,15,11,6,6,8,10,3,4,0,2,0,0,351,530,5,4,41,59,1504792.0
06/05/2026,J1 League,2025/2026,KASHIMA,MITO HOLLYHOCK,3,0,0,0,H,17,6,7,2,10,12,6,2,1,0,0,1,580,245,2,4,70,30,1504795.0
06/05/2026,J1 League,2025/2026,MACHIDA ZELVIA,YOKOHAMA F. MARINOS,2,0,0,0,H,8,6,2,2,13,12,4,1,1,0,0,0,351,439,2,0,45,55,1504796.0
06/05/2026,J1 League,2025/2026,KAWASAKI FRONTALE,TOKYO VERDY,1,0,0,0,H,5,8,1,4,11,16,1,6,0,0,0,0,503,324,4,0,60,40,1504797.0
06/05/2026,J1 League,2025/2026,AVISPA FUKUOKA,KYOTO SANGA,1,1,0,1,D,11,15,1,5,10,4,8,7,2,2,0,0,262,390,4,0,40,60,1504791.0
06/05/2026,J1 League,2025/2026,V-VAREN NAGASAKI,FAGIANO OKAYAMA,2,1,2,0,H,11,8,3,3,10,15,5,3,1,2,0,0,358,371,2,1,49,51,1504790.0
06/05/2026,J1 League,2025/2026,KASHIWA REYSOL,URAWA,0,1,0,0,A,12,13,0,4,8,3,7,4,0,1,0,0,511,466,3,0,52,48,1504798.0
06/05/2026,Chinese Super League,2026,WUHAN THREE TOWNS,QINGDAO JONOON,1,3,0,1,A,11,16,4,4,10,12,6,10,3,1,0,0,292,339,1,3,47,53,1523135.0
06/05/2026,Chinese Super League,2026,BEIJING GUOAN,DALIAN ZHIXING,3,0,0,0,H,16,9,8,5,12,20,4,2,1,5,1,0,487,350,5,5,58,42,1523136.0
06/05/2026,Chinese Super League,2026,SHANGHAI SIPG,SICHUAN JIUNIU,1,1,0,0,D,13,8,1,3,14,15,5,4,0,2,1,0,473,264,2,0,65,35,1523137.0
06/05/2026,Chinese Super League,2026,YUNNAN YUKUN,HANGZHOU GREENTOWN,1,2,1,0,A,10,13,2,6,21,17,4,2,3,5,0,1,356,410,4,1,46,54,1523138.0
06/05/2026,J1 League,2025/2026,SHIMIZU S-PULSE,CEREZO OSAKA,1,1,0,1,D,22,8,8,2,9,13,4,7,1,1,0,0,378,374,1,7,51,49,1504789.0
09/05/2026,K League 2,2026,CHEONGJU,GIMPO CITIZEN,1,1,1,0,D,0,0,0,0,0,0,0,0,0,0,0,0,0,0,0,0,0,0,1510325.0
09/05/2026,K League 2,2026,SUWON BLUEWINGS,DAEGU FC,0,0,0,0,D,0,0,0,0,0,0,0,0,0,0,0,0,0,0,0,0,0,0,1510326.0
09/05/2026,K League 1,2026,DAEJEON CITIZEN,POHANG STEELERS,0,2,0,0,A,10,10,3,4,12,6,1,5,3,1,0,0,673,284,2,4,70,30,1506971.0
09/05/2026,K League 1,2026,GWANGJU FC,GANGWON FC,0,0,0,0,D,0,0,0,0,0,0,0,0,0,0,0,0,0,0,0,0,0,0,1506970.0
09/05/2026,K League 1,2026,GIMCHEON SANGMU FC,INCHEON UNITED,0,3,0,2,A,0,0,0,0,0,0,0,0,0,0,0,0,0,0,0,0,0,0,1506969.0
09/05/2026,K League 1,2026,JEJU UNITED FC,FC SEOUL,2,1,1,0,H,11,17,6,3,8,12,2,13,2,1,0,0,242,550,2,4,30,70,1506968.0
09/05/2026,K League 2,2026,ASAN MUGUNGHWA,SEOUL E-LAND FC,3,0,1,0,H,0,0,0,0,0,0,0,0,0,0,0,0,0,0,0,0,0,0,1510323.0
09/05/2026,J1 League,2025/2026,CEREZO OSAKA,V-VAREN NAGASAKI,3,2,1,1,H,21,7,8,4,9,14,8,3,1,2,0,0,520,271,2,5,66,34,1504800.0
09/05/2026,Chinese Super League,2026,SHANGHAI SHENHUA,CHONGQING TONGLIANG LONG,2,2,0,2,D,20,8,9,4,18,11,11,2,4,1,1,0,563,356,2,7,63,37,1523139.0
09/05/2026,Chinese Super League,2026,CHENGDU BETTER CITY,HENAN JIANYE,3,0,1,0,H,13,8,7,5,16,11,9,4,2,1,0,0,397,380,5,3,51,49,1523140.0
09/05/2026,K League 2,2026,HWASEONG,SUWON CITY FC,1,1,1,0,D,0,0,0,0,0,0,0,0,0,0,0,0,0,0,0,0,0,0,1510324.0
09/05/2026,J1 League,2025/2026,MITO HOLLYHOCK,URAWA,1,4,0,1,A,5,17,2,7,7,6,0,7,2,0,1,0,367,717,3,1,34,66,1504799.0
10/05/2026,K League 2,2026,SEONGNAM FC,JEONNAM DRAGONS,0,0,0,0,D,0,0,0,0,0,0,0,0,0,0,0,0,0,0,0,0,0,0,1510327.0
10/05/2026,K League 2,2026,ANSAN GREENERS,YONGIN CITY,1,2,1,1,A,0,0,0,0,0,0,0,0,0,0,0,0,0,0,0,0,0,0,1510328.0
10/05/2026,K League 2,2026,BUSAN I PARK,CHEONAN CITY,1,0,1,0,H,0,0,0,0,0,0,0,0,0,0,0,0,0,0,0,0,0,0,1510329.0
10/05/2026,K League 2,2026,GYEONGNAM FC,GIMHAE CITY,2,1,1,0,H,0,0,0,0,0,0,0,0,0,0,0,0,0,0,0,0,0,0,1510330.0
10/05/2026,K League 1,2026,FC ANYANG,JEONBUK MOTORS,1,1,0,0,D,9,16,2,3,9,16,7,3,1,1,0,0,324,496,2,1,40,60,1506973.0
10/05/2026,K League 1,2026,ULSAN HYUNDAI FC,BUCHEON FC 1995,1,0,1,0,H,16,13,5,4,6,18,5,7,0,1,0,0,427,503,5,4,45,55,1506972.0
10/05/2026,J1 League,2025/2026,FC TOKYO,TOKYO VERDY,2,1,1,1,H,17,12,9,2,14,15,4,4,3,0,0,0,505,230,1,5,68,32,1504804.0
10/05/2026,J1 League,2025/2026,SHIMIZU S-PULSE,AVISPA FUKUOKA,1,1,0,0,D,8,8,1,2,10,10,4,2,2,3,0,0,410,318,1,0,57,43,1504801.0
10/05/2026,Chinese Super League,2026,SICHUAN JIUNIU,SHANDONG LUNENG,1,2,0,1,A,12,13,4,3,12,17,8,4,2,3,0,0,396,366,1,3,53,47,1523146.0
10/05/2026,Chinese Super League,2026,HANGZHOU GREENTOWN,TIANJIN TEDA,1,1,0,0,D,17,14,7,4,15,15,6,3,4,3,0,0,491,306,3,6,61,39,1523145.0
10/05/2026,Chinese Super League,2026,BEIJING GUOAN,SHANGHAI SIPG,2,2,0,1,D,15,5,6,2,9,20,8,0,1,4,0,0,528,305,0,4,64,36,1523144.0
10/05/2026,Chinese Super League,2026,QINGDAO JONOON,DALIAN ZHIXING,3,1,2,0,H,14,13,8,5,15,15,7,7,2,3,1,0,314,450,4,5,41,59,1523143.0
10/05/2026,J1 League,2025/2026,VISSEL KOBE,FAGIANO OKAYAMA,0,3,0,2,A,19,9,7,5,3,15,8,5,0,1,0,0,589,200,2,7,74,26,1504802.0
10/05/2026,Chinese Super League,2026,QINGDAO YOUTH ISLAND,WUHAN THREE TOWNS,1,1,1,0,D,11,8,4,4,10,18,3,5,4,3,0,0,306,371,4,1,46,54,1523141.0
10/05/2026,J1 League,2025/2026,NAGOYA GRAMPUS,KYOTO SANGA,3,0,2,0,H,14,9,6,5,12,7,8,5,1,2,0,0,257,441,5,3,38,62,1504807.0
10/05/2026,J1 League,2025/2026,KASHIWA REYSOL,KAWASAKI FRONTALE,1,0,0,0,H,11,13,2,4,4,8,4,10,0,0,0,0,531,534,4,1,49,51,1504806.0
10/05/2026,J1 League,2025/2026,GAMBA OSAKA,SANFRECCE HIROSHIMA,0,1,0,0,A,13,11,6,4,4,17,3,1,0,2,0,0,453,398,3,5,53,47,1504805.0
10/05/2026,J1 League,2025/2026,YOKOHAMA F. MARINOS,KASHIMA,1,1,0,0,D,16,9,3,3,15,4,9,3,0,0,0,0,262,513,2,2,35,65,1504803.0
10/05/2026,Chinese Super League,2026,SHENYANG URBAN,YUNNAN YUKUN,1,2,0,1,A,13,12,3,8,13,9,4,4,0,1,0,0,370,422,5,2,48,52,1523142.0
10/05/2026,J1 League,2025/2026,JEF UNITED CHIBA,MACHIDA ZELVIA,0,2,0,2,A,13,10,6,4,14,14,6,0,1,0,0,0,463,384,2,6,55,45,1504808.0
12/05/2026,K League 1,2026,INCHEON UNITED,POHANG STEELERS,0,1,0,1,A,0,0,0,0,0,0,0,0,0,0,0,0,0,0,0,0,0,0,1506976.0
12/05/2026,K League 1,2026,GWANGJU FC,FC SEOUL,0,1,0,0,A,0,0,0,0,0,0,0,0,0,0,0,0,0,0,0,0,0,0,1506975.0
12/05/2026,K League 1,2026,GANGWON FC,DAEJEON CITIZEN,2,0,0,0,H,0,0,0,0,0,0,0,0,0,0,0,0,0,0,0,0,0,0,1506974.0
13/05/2026,J1 League,2025/2026,VISSEL KOBE,KYOTO SANGA,1,0,0,0,H,12,9,2,1,9,12,10,1,1,1,0,0,363,383,1,2,49,51,1504768.0
13/05/2026,J1 League,2025/2026,MACHIDA ZELVIA,TOKYO VERDY,0,0,0,0,D,11,6,3,0,7,8,8,2,0,1,0,0,588,360,0,3,62,38,1504761.0
13/05/2026,K League 1,2026,ULSAN HYUNDAI FC,JEJU UNITED FC,2,1,2,0,H,0,0,0,0,0,0,0,0,0,0,0,0,0,0,0,0,0,0,1506979.0
13/05/2026,K League 1,2026,BUCHEON FC 1995,JEONBUK MOTORS,0,0,0,0,D,0,0,0,0,0,0,0,0,0,0,0,0,0,0,0,0,0,0,1506978.0
13/05/2026,K League 1,2026,FC ANYANG,GIMCHEON SANGMU FC,2,2,1,0,D,0,0,0,0,0,0,0,0,0,0,0,0,0,0,0,0,0,0,1506977.0
15/05/2026,Chinese Super League,2026,HENAN JIANYE,SICHUAN JIUNIU,1,0,0,0,H,21,6,5,1,7,16,9,3,1,1,0,0,384,250,1,4,61,39,1523147.0
15/05/2026,Chinese Super League,2026,SHANGHAI SIPG,HANGZHOU GREENTOWN,2,2,1,1,D,10,10,2,3,16,17,5,2,3,4,0,0,508,290,1,0,64,36,1523148.0
15/05/2026,Chinese Super League,2026,TIANJIN TEDA,CHENGDU BETTER CITY,1,2,1,1,A,10,12,3,5,10,10,3,5,4,2,0,0,436,487,2,2,47,53,1523149.0
15/05/2026,Chinese Super League,2026,BEIJING GUOAN,QINGDAO JONOON,4,2,3,0,H,22,10,7,5,14,24,1,2,1,3,0,0,615,313,3,2,66,34,1523150.0
15/05/2026,Chinese Super League,2026,DALIAN ZHIXING,QINGDAO YOUTH ISLAND,2,3,0,1,A,26,11,7,5,16,15,7,2,2,1,0,0,482,246,2,4,67,33,1523151.0
16/05/2026,K League 2,2026,ANSAN GREENERS,GIMPO CITIZEN,0,1,0,1,A,0,0,0,0,0,0,0,0,0,0,0,0,0,0,0,0,0,0,1510333.0
16/05/2026,J1 League,2025/2026,MITO HOLLYHOCK,TOKYO VERDY,0,1,0,0,A,14,8,2,3,10,11,3,4,2,2,0,0,485,300,2,2,61,39,1504809.0
16/05/2026,J1 League,2025/2026,YOKOHAMA F. MARINOS,KASHIWA REYSOL,0,1,0,1,A,14,5,2,3,12,6,7,3,2,1,0,0,453,388,1,2,55,45,1504811.0
16/05/2026,K League 2,2026,CHEONAN CITY,PAJU CITIZEN,0,0,0,0,D,0,0,0,0,0,0,0,0,0,0,0,0,0,0,0,0,0,0,1510334.0
16/05/2026,J1 League,2025/2026,URAWA,FC TOKYO,0,0,0,0,D,9,20,2,6,6,11,6,7,0,0,0,0,510,410,6,2,55,45,1504810.0
16/05/2026,K League 2,2026,SEOUL E-LAND FC,YONGIN CITY,2,2,0,1,D,0,0,0,0,0,0,0,0,0,0,0,0,0,0,0,0,0,0,1510332.0
16/05/2026,K League 2,2026,JEONNAM DRAGONS,CHEONGJU,2,2,0,1,D,0,0,0,0,0,0,0,0,0,0,0,0,0,0,0,0,0,0,1510331.0
16/05/2026,K League 1,2026,DAEJEON CITIZEN,FC SEOUL,1,2,0,1,A,10,10,5,5,10,10,3,6,3,3,0,0,388,418,3,4,48,52,1506980.0
16/05/2026,K League 1,2026,INCHEON UNITED,GWANGJU FC,4,0,2,0,H,13,4,6,0,7,14,5,1,0,2,0,0,546,459,0,2,55,45,1506981.0
16/05/2026,Chinese Super League,2026,SHANDONG LUNENG,CHONGQING TONGLIANG LONG,3,1,2,0,H,15,8,6,3,11,10,4,4,2,2,0,0,551,405,2,3,58,42,1523153.0
16/05/2026,Chinese Super League,2026,YUNNAN YUKUN,SHANGHAI SHENHUA,1,0,0,0,H,13,12,6,1,5,6,3,4,1,1,0,0,480,364,1,5,56,44,1523154.0
16/05/2026,Chinese Super League,2026,WUHAN THREE TOWNS,SHENYANG URBAN,2,2,2,1,D,13,15,4,6,5,11,3,7,1,1,0,0,229,469,4,2,33,67,1523152.0
17/05/2026,K League 1,2026,GANGWON FC,ULSAN HYUNDAI FC,2,0,2,0,H,13,7,5,3,15,7,2,1,3,3,0,1,412,406,3,3,50,50,1506985.0
17/05/2026,J1 League,2025/2026,KYOTO SANGA,SANFRECCE HIROSHIMA,0,4,0,1,A,3,16,2,8,6,14,1,10,2,1,0,0,394,291,3,2,56,44,1504816.0
17/05/2026,J1 League,2025/2026,JEF UNITED CHIBA,KASHIMA,0,2,0,1,A,10,13,4,5,14,11,9,0,3,0,1,0,311,503,3,4,39,61,1504813.0
17/05/2026,J1 League,2025/2026,FAGIANO OKAYAMA,SHIMIZU S-PULSE,2,0,1,0,H,11,11,4,2,9,7,2,4,0,1,0,0,274,409,2,2,40,60,1504814.0
17/05/2026,J1 League,2025/2026,CEREZO OSAKA,NAGOYA GRAMPUS,6,1,3,1,H,15,12,9,4,12,5,4,3,1,0,0,0,364,488,3,4,42,58,1504815.0
17/05/2026,K League 1,2026,BUCHEON FC 1995,POHANG STEELERS,2,0,0,0,H,9,20,3,5,9,20,2,6,2,1,0,0,275,562,5,1,32,68,1506984.0
17/05/2026,J1 League,2025/2026,KAWASAKI FRONTALE,MACHIDA ZELVIA,1,1,0,1,D,20,6,9,2,9,10,9,2,1,1,0,0,671,371,1,8,64,36,1504818.0
17/05/2026,K League 2,2026,ASAN MUGUNGHWA,SUWON CITY FC,1,3,0,2,A,0,0,0,0,0,0,0,0,0,0,0,0,0,0,0,0,0,0,1510338.0
17/05/2026,K League 2,2026,SEONGNAM FC,GYEONGNAM FC,1,1,0,0,D,0,0,0,0,0,0,0,0,0,0,0,0,0,0,0,0,0,0,1510337.0
17/05/2026,K League 2,2026,HWASEONG,BUSAN I PARK,3,2,2,2,H,0,0,0,0,0,0,0,0,0,0,0,0,0,0,0,0,0,0,1510336.0
17/05/2026,K League 2,2026,GIMHAE CITY,DAEGU FC,1,4,0,1,A,0,0,0,0,0,0,0,0,0,0,0,0,0,0,0,0,0,0,1510335.0
17/05/2026,K League 1,2026,JEJU UNITED FC,FC ANYANG,1,2,0,1,A,26,11,7,3,26,11,5,2,1,3,0,0,519,365,1,6,58,42,1506982.0
17/05/2026,K League 1,2026,JEONBUK MOTORS,GIMCHEON SANGMU FC,1,0,0,0,H,19,8,4,2,14,13,6,1,1,2,0,0,483,358,2,3,58,42,1506983.0
17/05/2026,J1 League,2025/2026,V-VAREN NAGASAKI,VISSEL KOBE,2,2,2,2,D,13,15,5,6,11,9,5,3,2,1,0,0,303,428,4,3,42,58,1504812.0
19/05/2026,Chinese Super League,2026,SICHUAN JIUNIU,DALIAN ZHIXING,1,1,1,1,D,14,14,1,5,16,18,8,7,2,3,0,0,393,239,4,0,62,38,1523155.0
19/05/2026,Chinese Super League,2026,CHENGDU BETTER CITY,SHANGHAI SIPG,0,1,0,0,A,18,3,6,1,8,21,6,2,3,9,0,0,408,329,0,6,56,44,1523157.0
19/05/2026,Chinese Super League,2026,TIANJIN TEDA,HENAN JIANYE,1,2,0,1,A,9,8,2,3,14,15,4,1,3,2,0,0,380,373,1,1,51,49,1523156.0
19/05/2026,Chinese Super League,2026,QINGDAO YOUTH ISLAND,BEIJING GUOAN,1,1,0,0,D,8,18,3,7,7,12,3,9,1,3,1,0,269,658,6,2,30,70,1523158.0
20/05/2026,Chinese Super League,2026,SHENYANG URBAN,QINGDAO JONOON,2,1,1,0,H,17,11,8,3,13,13,4,0,3,0,0,0,346,356,2,5,50,50,1523159.0
20/05/2026,Chinese Super League,2026,SHANGHAI SHENHUA,WUHAN THREE TOWNS,2,2,2,1,D,15,20,4,8,9,16,4,4,2,4,0,0,363,476,6,2,43,57,1523160.0
20/05/2026,Chinese Super League,2026,CHONGQING TONGLIANG LONG,YUNNAN YUKUN,0,0,0,0,D,7,4,1,1,11,17,6,3,0,3,0,0,469,428,1,1,52,48,1523161.0
20/05/2026,Chinese Super League,2026,HANGZHOU GREENTOWN,SHANDONG LUNENG,4,1,0,1,H,23,9,9,2,18,8,5,4,0,1,0,0,445,381,1,5,54,46,1523162.0
22/05/2026,J1 League,2025/2026,MACHIDA ZELVIA,URAWA,1,0,1,0,H,16,15,4,4,8,10,5,3,0,1,0,0,403,630,4,3,39,61,1504819.0
23/05/2026,K League 2,2026,GYEONGNAM FC,SUWON CITY FC,3,2,1,2,H,0,0,0,0,0,0,0,0,0,0,0,0,0,0,0,0,0,0,1510339.0
23/05/2026,J1 League,2025/2026,KYOTO SANGA,V-VAREN NAGASAKI,1,0,0,0,H,22,10,8,0,10,10,7,4,2,1,0,0,380,322,0,7,55,45,1504824.0
23/05/2026,J1 League,2025/2026,KASHIWA REYSOL,JEF UNITED CHIBA,4,2,2,1,H,14,14,9,4,7,9,6,3,0,3,0,0,610,443,2,5,58,42,1504823.0
23/05/2026,J1 League,2025/2026,KASHIMA,FC TOKYO,1,0,0,0,H,7,17,1,3,11,15,1,6,1,1,0,0,456,460,3,0,50,50,1504822.0
23/05/2026,J1 League,2025/2026,AVISPA FUKUOKA,VISSEL KOBE,0,1,0,1,A,15,9,5,3,9,6,6,1,4,0,0,0,342,402,2,5,47,53,1504820.0
23/05/2026,K League 2,2026,CHEONGJU,HWASEONG,2,3,1,1,A,0,0,0,0,0,0,0,0,0,0,0,0,0,0,0,0,0,0,1510341.0
23/05/2026,K League 2,2026,JEONNAM DRAGONS,GIMHAE CITY,0,1,0,0,A,0,0,0,0,0,0,0,0,0,0,0,0,0,0,0,0,0,0,1510340.0
23/05/2026,J1 League,2025/2026,SANFRECCE HIROSHIMA,NAGOYA GRAMPUS,4,2,2,1,H,12,13,5,4,12,7,2,6,1,0,0,0,344,541,3,1,38,62,1504821.0
23/05/2026,Chinese Super League,2026,SHANGHAI SIPG,TIANJIN TEDA,1,1,0,0,D,12,11,5,3,8,10,4,3,0,1,0,0,500,383,2,4,57,43,1523163.0
23/05/2026,Chinese Super League,2026,BEIJING GUOAN,HENAN JIANYE,1,2,1,0,A,13,9,4,3,19,19,4,5,1,2,0,0,483,276,2,3,63,37,1523164.0
23/05/2026,Chinese Super League,2026,DALIAN ZHIXING,CHENGDU BETTER CITY,2,0,0,0,H,13,5,3,0,10,17,3,5,3,4,0,0,304,509,0,1,38,62,1523165.0
24/05/2026,J1 League,2025/2026,SHIMIZU S-PULSE,GAMBA OSAKA,1,2,0,0,A,12,12,2,3,8,12,5,1,1,3,0,0,446,455,2,1,50,50,1504828.0
24/05/2026,J1 League,2025/2026,TOKYO VERDY,YOKOHAMA F. MARINOS,0,6,0,3,A,13,17,4,7,10,13,6,4,0,2,0,0,367,367,1,2,51,49,1504827.0
24/05/2026,J1 League,2025/2026,MITO HOLLYHOCK,KAWASAKI FRONTALE,1,3,0,0,A,11,17,3,5,11,10,4,3,0,0,0,0,406,546,2,2,43,57,1504826.0
24/05/2026,Chinese Super League,2026,SHANGHAI SHENHUA,SICHUAN JIUNIU,1,2,1,2,A,11,16,3,7,16,20,7,5,3,1,0,0,454,314,5,2,60,40,1523170.0
24/05/2026,Chinese Super League,2026,QINGDAO JONOON,CHONGQING TONGLIANG LONG,0,1,0,0,A,13,5,1,4,20,13,8,3,2,2,0,0,401,357,3,1,54,46,1523166.0
24/05/2026,Chinese Super League,2026,YUNNAN YUKUN,QINGDAO YOUTH ISLAND,2,3,1,1,A,21,12,7,7,10,15,6,7,1,3,0,0,419,269,3,5,61,39,1523167.0
24/05/2026,J1 League,2025/2026,FAGIANO OKAYAMA,CEREZO OSAKA,2,3,0,1,A,18,14,8,6,17,7,8,3,2,2,0,0,313,320,3,6,50,50,1504825.0
24/05/2026,Chinese Super League,2026,HANGZHOU GREENTOWN,SHENYANG URBAN,0,5,0,2,A,15,14,4,9,17,12,9,0,1,2,0,0,462,307,4,4,61,39,1523169.0
24/05/2026,K League 2,2026,YONGIN CITY,ASAN MUGUNGHWA,0,0,0,0,D,0,0,0,0,0,0,0,0,0,0,0,0,0,0,0,0,0,0,1510342.0
24/05/2026,K League 2,2026,DAEGU FC,ANSAN GREENERS,3,0,0,0,H,0,0,0,0,0,0,0,0,0,0,0,0,0,0,0,0,0,0,1510343.0
24/05/2026,K League 2,2026,SEOUL E-LAND FC,SEONGNAM FC,3,1,2,0,H,0,0,0,0,0,0,0,0,0,0,0,0,0,0,0,0,0,0,1510344.0
24/05/2026,Chinese Super League,2026,SHANDONG LUNENG,WUHAN THREE TOWNS,3,3,2,2,D,20,17,10,5,18,12,3,2,3,5,0,0,417,330,2,7,56,44,1523168.0
25/05/2026,K League 2,2026,PAJU CITIZEN,GIMPO CITIZEN,0,1,0,0,A,0,0,0,0,0,0,0,0,0,0,0,0,0,0,0,0,0,0,1510345.0
25/05/2026,K League 2,2026,SUWON BLUEWINGS,CHEONAN CITY,3,2,1,0,H,0,0,0,0,0,0,0,0,0,0,0,0,0,0,0,0,0,0,1510346.0
29/05/2026,Chinese Super League,2026,SHENYANG URBAN,SHANGHAI SIPG,3,2,1,1,H,9,12,4,4,12,9,1,12,2,3,1,0,332,471,2,1,41,59,1523171.0
30/05/2026,J1 League,2025/2026,NAGOYA GRAMPUS,MACHIDA ZELVIA,2,2,1,1,D,12,17,7,8,7,13,1,2,0,4,0,0,530,387,6,5,58,42,1546392.0
30/05/2026,J1 League,2025/2026,SANFRECCE HIROSHIMA,KAWASAKI FRONTALE,2,1,2,1,H,18,10,7,3,11,6,6,2,0,1,0,0,428,504,2,5,46,54,1546393.0
30/05/2026,J1 League,2025/2026,CEREZO OSAKA,FC TOKYO,2,2,1,1,D,15,12,5,4,12,13,5,4,1,2,0,0,453,415,3,3,53,47,1546394.0
30/05/2026,J1 League,2025/2026,GAMBA OSAKA,TOKYO VERDY,1,1,1,0,D,5,12,2,3,7,15,8,6,0,0,0,0,498,327,2,1,60,40,1546395.0
30/05/2026,J1 League,2025/2026,V-VAREN NAGASAKI,MITO HOLLYHOCK,1,0,1,0,H,10,13,3,4,6,12,0,7,0,0,0,0,471,615,4,2,43,57,1546396.0
30/05/2026,J1 League,2025/2026,VISSEL KOBE,KASHIMA,5,0,1,0,H,16,9,8,2,9,14,3,2,1,1,0,0,261,447,1,3,37,63,1546315.0
30/05/2026,Chinese Super League,2026,CHONGQING TONGLIANG LONG,BEIJING GUOAN,2,3,0,1,A,8,23,4,12,18,9,4,8,3,1,0,0,300,404,7,2,43,57,1523175.0
30/05/2026,Chinese Super League,2026,QINGDAO YOUTH ISLAND,SHANGHAI SHENHUA,2,2,1,1,D,10,8,3,3,11,18,6,3,2,3,0,0,473,379,1,1,56,44,1523174.0
30/05/2026,Chinese Super League,2026,HENAN JIANYE,HANGZHOU GREENTOWN,0,2,0,1,A,20,6,6,4,11,17,7,1,1,5,0,0,418,239,2,5,65,35,1523172.0
30/05/2026,J1 League,2025/2026,KYOTO SANGA,KASHIWA REYSOL,2,6,1,3,A,10,18,5,10,4,9,2,4,2,1,0,0,472,412,4,3,54,46,1546397.0
30/05/2026,Chinese Super League,2026,SICHUAN JIUNIU,QINGDAO JONOON,3,2,1,0,H,16,10,5,4,16,9,9,3,3,2,0,1,311,356,2,2,47,53,1523176.0
30/05/2026,Chinese Super League,2026,CHENGDU BETTER CITY,SHANDONG LUNENG,1,0,1,0,H,17,14,7,0,7,17,5,2,2,3,0,0,406,453,0,6,47,53,1523173.0
30/05/2026,J1 League,2025/2026,AVISPA FUKUOKA,JEF UNITED CHIBA,2,2,0,1,D,14,9,8,4,12,8,2,4,2,1,0,0,536,404,1,5,57,43,1546314.0
30/05/2026,K League 2,2026,BUSAN I PARK,PAJU CITIZEN,4,1,1,0,H,0,0,0,0,0,0,0,0,0,0,0,0,0,0,0,0,0,0,1510348.0
30/05/2026,K League 2,2026,YONGIN CITY,DAEGU FC,1,1,0,0,D,0,0,0,0,0,0,0,0,0,0,0,0,0,0,0,0,0,0,1510349.0
30/05/2026,K League 2,2026,GIMHAE CITY,GIMPO CITIZEN,1,2,1,1,A,0,0,0,0,0,0,0,0,0,0,0,0,0,0,0,0,0,0,1510350.0
30/05/2026,K League 2,2026,SUWON CITY FC,SEONGNAM FC,0,0,0,0,D,0,0,0,0,0,0,0,0,0,0,0,0,0,0,0,0,0,0,1510351.0
30/05/2026,K League 2,2026,ASAN MUGUNGHWA,SUWON BLUEWINGS,2,1,0,0,H,0,0,0,0,0,0,0,0,0,0,0,0,0,0,0,0,0,0,1510347.0
31/05/2026,Chinese Super League,2026,WUHAN THREE TOWNS,YUNNAN YUKUN,1,1,0,0,D,12,7,4,2,16,15,7,3,5,4,0,0,354,302,1,4,54,46,1523178.0
31/05/2026,J1 League,2025/2026,FAGIANO OKAYAMA,URAWA,1,1,0,0,D,20,7,6,3,12,9,9,1,0,0,0,0,300,461,2,4,41,59,1546398.0
31/05/2026,J1 League,2025/2026,SHIMIZU S-PULSE,YOKOHAMA F. MARINOS,1,1,0,0,D,10,3,1,2,8,16,10,0,1,0,0,0,379,273,1,1,59,41,1546399.0
31/05/2026,K League 2,2026,HWASEONG,GYEONGNAM FC,2,0,1,0,H,0,0,0,0,0,0,0,0,0,0,0,0,0,0,0,0,0,0,1510352.0
31/05/2026,K League 2,2026,ANSAN GREENERS,CHEONAN CITY,1,3,1,1,A,0,0,0,0,0,0,0,0,0,0,0,0,0,0,0,0,0,0,1510354.0
31/05/2026,K League 2,2026,JEONNAM DRAGONS,SEOUL E-LAND FC,0,1,0,0,A,0,0,0,0,0,0,0,0,0,0,0,0,0,0,0,0,0,0,1510353.0
31/05/2026,Chinese Super League,2026,TIANJIN TEDA,DALIAN ZHIXING,1,0,1,0,H,7,17,5,2,9,18,7,9,3,1,0,0,219,454,2,3,33,67,1523177.0
05/06/2026,K League 2,2026,BUSAN I PARK,ASAN MUGUNGHWA,2,2,2,2,D,0,0,0,0,0,0,0,0,0,0,0,0,0,0,0,0,0,0,1510355.0
05/06/2026,K League 2,2026,DAEGU FC,PAJU CITIZEN,1,0,0,0,H,0,0,0,0,0,0,0,0,0,0,0,0,0,0,0,0,0,0,1510356.0
05/06/2026,K League 2,2026,SEONGNAM FC,GIMHAE CITY,1,1,0,0,D,0,0,0,0,0,0,0,0,0,0,0,0,0,0,0,0,0,0,1510357.0
06/06/2026,J1 League,2025/2026,KASHIWA REYSOL,KYOTO SANGA,0,1,0,0,A,5,12,0,2,11,9,3,7,2,4,0,0,286,571,1,0,33,67,1546406.0
06/06/2026,K League 2,2026,GYEONGNAM FC,YONGIN CITY,2,2,0,0,D,0,0,0,0,0,0,0,0,0,0,0,0,0,0,0,0,0,0,1510358.0
06/06/2026,K League 2,2026,HWASEONG,SUWON BLUEWINGS,1,2,1,0,A,0,0,0,0,0,0,0,0,0,0,0,0,0,0,0,0,0,0,1510359.0
06/06/2026,J1 League,2025/2026,KAWASAKI FRONTALE,SANFRECCE HIROSHIMA,0,1,0,1,A,12,20,5,7,10,18,5,9,2,1,0,0,510,345,5,6,59,41,1546407.0
06/06/2026,J1 League,2025/2026,FC TOKYO,CEREZO OSAKA,1,3,0,3,A,22,12,4,6,14,10,11,1,1,2,0,0,457,439,3,3,53,47,1546400.0
06/06/2026,J1 League,2025/2026,JEF UNITED CHIBA,AVISPA FUKUOKA,1,2,1,0,A,8,12,1,4,12,15,8,7,0,0,0,0,458,343,2,0,57,43,1546316.0
06/06/2026,J1 League,2025/2026,KASHIMA,VISSEL KOBE,2,0,0,0,H,19,8,9,3,11,7,8,7,3,0,0,0,377,333,3,7,54,46,1546317.0
06/06/2026,J1 League,2025/2026,YOKOHAMA F. MARINOS,SHIMIZU S-PULSE,3,0,1,0,H,14,13,5,3,6,15,1,4,0,2,0,0,458,346,3,2,56,44,1546405.0
06/06/2026,J1 League,2025/2026,TOKYO VERDY,GAMBA OSAKA,2,4,1,1,A,12,14,1,8,12,9,5,0,1,3,0,0,498,457,4,1,53,47,1546404.0
06/06/2026,J1 League,2025/2026,URAWA,FAGIANO OKAYAMA,0,2,0,1,A,18,14,4,7,8,8,5,4,2,1,0,0,598,269,3,4,68,32,1546403.0
06/06/2026,J1 League,2025/2026,MITO HOLLYHOCK,V-VAREN NAGASAKI,0,1,0,1,A,16,5,5,3,6,10,7,0,0,0,0,0,681,291,2,5,71,29,1546402.0
06/06/2026,J1 League,2025/2026,MACHIDA ZELVIA,NAGOYA GRAMPUS,2,1,0,0,H,19,16,7,4,10,8,7,1,3,3,0,1,561,586,4,5,49,51,1546401.0
07/06/2026,K League 2,2026,SEOUL E-LAND FC,CHEONGJU,1,2,1,0,A,0,0,0,0,0,0,0,0,0,0,0,0,0,0,0,0,0,0,1510362.0
07/06/2026,K League 2,2026,GIMPO CITIZEN,JEONNAM DRAGONS,2,2,2,1,D,0,0,0,0,0,0,0,0,0,0,0,0,0,0,0,0,0,0,1510361.0
07/06/2026,K League 2,2026,CHEONAN CITY,SUWON CITY FC,2,2,1,0,D,0,0,0,0,0,0,0,0,0,0,0,0,0,0,0,0,0,0,1510360.0
26/06/2026,Chinese Super League,2026,QINGDAO JONOON,YUNNAN YUKUN,4,2,4,2,H,8,20,6,4,15,14,2,4,4,2,0,0,374,408,2,2,47,53,1523179.0
27/06/2026,Chinese Super League,2026,CHONGQING TONGLIANG LONG,TIANJIN TEDA,1,0,0,0,H,6,13,1,1,9,12,2,13,0,2,0,0,442,402,1,0,51,49,1523184.0
27/06/2026,Chinese Super League,2026,BEIJING GUOAN,WUHAN THREE TOWNS,1,0,0,0,H,19,9,8,2,17,17,7,2,1,3,0,0,488,256,2,7,66,34,1523183.0
27/06/2026,Chinese Super League,2026,SICHUAN JIUNIU,CHENGDU BETTER CITY,2,3,0,1,A,15,16,6,5,13,13,5,9,4,3,1,0,318,265,1,4,54,46,1523182.0
27/06/2026,Chinese Super League,2026,HENAN JIANYE,SHANGHAI SIPG,1,2,1,1,A,10,6,6,3,17,15,2,3,2,2,0,0,327,415,1,5,44,56,1523181.0
27/06/2026,Chinese Super League,2026,SHENYANG URBAN,SHANDONG LUNENG,1,5,0,2,A,9,22,1,9,10,5,5,3,1,0,0,0,489,380,4,0,57,43,1523180.0
28/06/2026,Chinese Super League,2026,DALIAN ZHIXING,SHANGHAI SHENHUA,1,4,1,2,A,13,14,3,8,7,13,8,2,0,2,0,0,438,323,3,2,59,41,1523186.0
28/06/2026,Chinese Super League,2026,QINGDAO YOUTH ISLAND,HANGZHOU GREENTOWN,3,1,1,1,H,14,11,6,2,8,13,7,7,1,0,0,0,269,487,1,3,36,64,1523185.0
03/07/2026,Chinese Super League,2026,YUNNAN YUKUN,HENAN JIANYE,2,1,0,1,H,19,8,7,4,8,10,8,1,1,3,0,0,349,337,3,5,52,48,1523187.0
04/07/2026,K League 2,2026,PAJU CITIZEN,YONGIN CITY,0,1,0,0,A,0,0,0,0,0,0,0,0,0,0,0,0,0,0,0,0,0,0,1510365.0
04/07/2026,K League 2,2026,SUWON BLUEWINGS,SEONGNAM FC,1,0,1,0,H,0,0,0,0,0,0,0,0,0,0,0,0,0,0,0,0,0,0,1510366.0
04/07/2026,K League 2,2026,CHEONGJU,DAEGU FC,1,5,0,2,A,0,0,0,0,0,0,0,0,0,0,0,0,0,0,0,0,0,0,1510364.0
04/07/2026,K League 1,2026,FC ANYANG,POHANG STEELERS,2,3,1,1,A,0,0,0,0,0,0,0,0,0,0,0,0,0,0,0,0,0,0,1506986.0
04/07/2026,K League 1,2026,DAEJEON CITIZEN,BUCHEON FC 1995,2,2,0,0,D,0,0,0,0,0,0,0,0,0,0,0,0,0,0,0,0,0,0,1506987.0
04/07/2026,K League 1,2026,JEONBUK MOTORS,GANGWON FC,1,2,0,1,A,0,0,0,0,0,0,0,0,0,0,0,0,0,0,0,0,0,0,1506988.0
04/07/2026,Chinese Super League,2026,SHENYANG URBAN,CHONGQING TONGLIANG LONG,3,1,0,1,H,22,8,8,4,16,8,7,2,4,0,0,1,525,291,3,5,65,35,1523188.0
04/07/2026,Chinese Super League,2026,QINGDAO YOUTH ISLAND,SHANGHAI SIPG,2,1,0,0,H,10,6,6,4,14,16,3,7,1,2,0,1,370,434,3,4,46,54,1523189.0
04/07/2026,Chinese Super League,2026,BEIJING GUOAN,SHANDONG LUNENG,2,0,0,0,H,39,3,13,2,9,13,12,0,1,1,0,1,560,182,2,9,76,24,1523190.0
04/07/2026,Chinese Super League,2026,DALIAN ZHIXING,WUHAN THREE TOWNS,3,2,1,2,H,19,11,10,4,11,15,7,2,2,3,0,0,440,357,2,7,55,45,1523191.0
04/07/2026,Chinese Super League,2026,TIANJIN TEDA,SICHUAN JIUNIU,3,0,1,0,H,14,13,4,3,14,14,1,7,2,3,0,0,254,438,3,1,36,64,1523192.0
04/07/2026,K League 2,2026,ANSAN GREENERS,SUWON CITY FC,1,3,1,0,A,0,0,0,0,0,0,0,0,0,0,0,0,0,0,0,0,0,0,1510363.0
05/07/2026,K League 2,2026,GIMHAE CITY,SEOUL E-LAND FC,1,3,0,0,A,0,0,0,0,0,0,0,0,0,0,0,0,0,0,0,0,0,0,1510367.0
05/07/2026,K League 2,2026,GIMPO CITIZEN,ASAN MUGUNGHWA,0,2,0,0,A,0,0,0,0,0,0,0,0,0,0,0,0,0,0,0,0,0,0,1510368.0
05/07/2026,K League 2,2026,GYEONGNAM FC,CHEONAN CITY,2,1,0,0,H,0,0,0,0,0,0,0,0,0,0,0,0,0,0,0,0,0,0,1510369.0
05/07/2026,K League 2,2026,JEONNAM DRAGONS,BUSAN I PARK,3,3,2,0,D,0,0,0,0,0,0,0,0,0,0,0,0,0,0,0,0,0,0,1510370.0
05/07/2026,Chinese Super League,2026,QINGDAO JONOON,CHENGDU BETTER CITY,1,1,0,0,D,14,22,4,3,12,8,2,7,0,1,0,0,291,518,1,3,36,64,1523193.0
05/07/2026,Chinese Super League,2026,SHANGHAI SHENHUA,HANGZHOU GREENTOWN,3,2,1,0,H,14,15,5,6,8,16,7,5,0,2,0,0,414,473,4,2,46,54,1523194.0
05/07/2026,K League 1,2026,GIMCHEON SANGMU FC,JEJU UNITED FC,1,1,0,0,D,0,0,0,0,0,0,0,0,0,0,0,0,0,0,0,0,0,0,1506989.0
05/07/2026,K League 1,2026,FC SEOUL,INCHEON UNITED,1,0,0,0,H,0,0,0,0,0,0,0,0,0,0,0,0,0,0,0,0,0,0,1506991.0
05/07/2026,K League 1,2026,GWANGJU FC,ULSAN HYUNDAI FC,1,1,0,0,D,0,0,0,0,0,0,0,0,0,0,0,0,0,0,0,0,0,0,1506990.0
10/07/2026,Chinese Super League,2026,SHANDONG LUNENG,YUNNAN YUKUN,4,3,3,1,H,13,28,8,7,11,7,2,14,1,0,0,0,348,456,5,4,42,58,1523195.0
10/07/2026,K League 2,2026,SUWON CITY FC,JEONNAM DRAGONS,5,0,2,0,H,0,0,0,0,0,0,0,0,0,0,0,0,0,0,0,0,0,0,1510372.0
10/07/2026,K League 2,2026,CHEONAN CITY,GIMHAE CITY,0,1,0,1,A,0,0,0,0,0,0,0,0,0,0,0,0,0,0,0,0,0,0,1510371.0
11/07/2026,Chinese Super League,2026,SICHUAN JIUNIU,QINGDAO YOUTH ISLAND,3,0,2,0,H,19,11,8,3,20,16,5,3,2,3,0,0,307,381,3,5,46,54,1523199.0
11/07/2026,K League 1,2026,GIMCHEON SANGMU FC,BUCHEON FC 1995,1,1,1,1,D,18,9,5,4,9,10,4,4,0,2,0,0,547,237,3,3,70,30,1506992.0
11/07/2026,K League 2,2026,YONGIN CITY,CHEONGJU,1,1,0,1,D,0,0,0,0,0,0,0,0,0,0,0,0,0,0,0,0,0,0,1510376.0
11/07/2026,Chinese Super League,2026,CHENGDU BETTER CITY,CHONGQING TONGLIANG LONG,1,1,1,0,D,13,8,4,3,14,9,15,1,3,1,0,0,554,296,2,4,67,33,1523200.0
11/07/2026,K League 1,2026,GWANGJU FC,POHANG STEELERS,0,3,0,1,A,11,12,2,3,11,10,7,2,0,3,0,0,453,470,0,2,49,51,1506993.0
11/07/2026,K League 2,2026,HWASEONG,PAJU CITIZEN,1,2,0,1,A,0,0,0,0,0,0,0,0,0,0,0,0,0,0,0,0,0,0,1510375.0
11/07/2026,K League 2,2026,DAEGU FC,SEONGNAM FC,3,2,1,1,H,0,0,0,0,0,0,0,0,0,0,0,0,0,0,0,0,0,0,1510374.0
11/07/2026,K League 2,2026,ANSAN GREENERS,SUWON BLUEWINGS,2,1,0,1,H,0,0,0,0,0,0,0,0,0,0,0,0,0,0,0,0,0,0,1510373.0
11/07/2026,K League 1,2026,ULSAN HYUNDAI FC,JEONBUK MOTORS,1,3,0,1,A,17,14,5,7,14,16,2,5,2,4,0,0,390,391,4,4,51,49,1506994.0
12/07/2026,K League 1,2026,INCHEON UNITED,FC ANYANG,0,1,0,1,A,22,8,8,5,9,14,5,3,2,3,0,0,548,320,4,7,64,36,1506995.0
12/07/2026,K League 2,2026,BUSAN I PARK,GIMPO CITIZEN,2,0,1,0,H,0,0,0,0,0,0,0,0,0,0,0,0,0,0,0,0,0,0,1510378.0
12/07/2026,K League 2,2026,ASAN MUGUNGHWA,GYEONGNAM FC,1,1,1,1,D,0,0,0,0,0,0,0,0,0,0,0,0,0,0,0,0,0,0,1510377.0
12/07/2026,K League 1,2026,FC SEOUL,GANGWON FC,0,0,0,0,D,10,13,3,4,7,16,4,3,1,2,0,0,398,287,4,3,59,41,1506997.0
12/07/2026,K League 1,2026,JEJU UNITED FC,DAEJEON CITIZEN,0,0,0,0,D,16,8,3,2,7,10,7,9,1,1,0,0,445,328,2,3,57,43,1506996.0
14/07/2026,Chinese Super League,2026,HANGZHOU GREENTOWN,QINGDAO JONOON,3,2,1,0,H,17,20,6,6,12,15,4,6,1,4,0,0,375,343,4,3,52,48,1523197.0
17/07/2026,Chinese Super League,2026,HENAN JIANYE,QINGDAO JONOON,5,1,2,0,H,23,12,10,4,11,8,6,2,1,0,0,0,374,331,3,5,53,47,1523204.0
17/07/2026,Chinese Super League,2026,BEIJING GUOAN,SHENYANG URBAN,1,1,1,0,D,19,13,2,3,18,14,6,4,1,3,0,0,562,307,2,1,65,35,1523203.0
17/07/2026,Chinese Super League,2026,YUNNAN YUKUN,SHANGHAI SIPG,2,2,0,2,D,14,13,3,6,16,9,6,6,2,0,0,0,260,405,4,1,39,61,1523205.0
17/07/2026,Chinese Super League,2026,QINGDAO YOUTH ISLAND,CHENGDU BETTER CITY,1,1,1,0,D,10,13,3,2,19,18,1,4,4,2,0,0,255,519,2,2,33,67,1523207.0
18/07/2026,K League 2,2026,SUWON CITY FC,SEOUL E-LAND FC,2,2,1,0,D,0,0,0,0,0,0,0,0,0,0,0,0,0,0,0,0,0,0,1510382.0
18/07/2026,K League 2,2026,GIMPO CITIZEN,DAEGU FC,1,1,0,1,D,0,0,0,0,0,0,0,0,0,0,0,0,0,0,0,0,0,0,1510379.0
18/07/2026,K League 1,2026,INCHEON UNITED,JEONBUK MOTORS,1,0,1,0,H,0,0,0,0,0,0,0,0,0,0,0,0,0,0,0,0,0,0,1507000.0
18/07/2026,K League 1,2026,GANGWON FC,GIMCHEON SANGMU FC,2,0,2,0,H,0,0,0,0,0,0,0,0,0,0,0,0,0,0,0,0,0,0,1506999.0
18/07/2026,Chinese Super League,2026,WUHAN THREE TOWNS,SICHUAN JIUNIU,2,0,2,0,H,27,6,13,1,15,8,11,4,1,0,0,1,534,263,1,10,67,33,1523210.0
18/07/2026,K League 2,2026,JEONNAM DRAGONS,ASAN MUGUNGHWA,1,0,0,0,H,0,0,0,0,0,0,0,0,0,0,0,0,0,0,0,0,0,0,1510380.0
18/07/2026,Chinese Super League,2026,DALIAN ZHIXING,SHANDONG LUNENG,3,1,2,1,H,20,18,11,6,10,12,6,6,0,2,0,0,474,404,5,9,53,47,1523208.0
18/07/2026,Chinese Super League,2026,SHANGHAI SHENHUA,TIANJIN TEDA,0,2,0,0,A,17,11,6,4,7,10,5,2,0,2,0,0,301,341,2,6,52,48,1523209.0
18/07/2026,K League 1,2026,DAEJEON CITIZEN,ULSAN HYUNDAI FC,2,2,2,1,D,0,0,0,0,0,0,0,0,0,0,0,0,0,0,0,0,0,0,1506998.0
18/07/2026,K League 2,2026,SEONGNAM FC,BUSAN I PARK,1,0,1,0,H,0,0,0,0,0,0,0,0,0,0,0,0,0,0,0,0,0,0,1510381.0
18/07/2026,Chinese Super League,2026,CHONGQING TONGLIANG LONG,HANGZHOU GREENTOWN,1,1,0,1,D,19,3,3,2,8,15,4,1,0,2,0,0,584,363,1,2,62,38,1523206.0
18/07/2026,K League 1,2026,JEJU UNITED FC,POHANG STEELERS,2,1,0,1,H,0,0,0,0,0,0,0,0,0,0,0,0,0,0,0,0,0,0,1507001.0
19/07/2026,K League 1,2026,FC ANYANG,GWANGJU FC,1,1,0,0,D,0,0,0,0,0,0,0,0,0,0,0,0,0,0,0,0,0,0,1507002.0
19/07/2026,K League 1,2026,BUCHEON FC 1995,FC SEOUL,1,3,0,1,A,0,0,0,0,0,0,0,0,0,0,0,0,0,0,0,0,0,0,1507003.0
19/07/2026,K League 2,2026,CHEONGJU,CHEONAN CITY,1,0,1,0,H,0,0,0,0,0,0,0,0,0,0,0,0,0,0,0,0,0,0,1510383.0
19/07/2026,K League 2,2026,GYEONGNAM FC,ANSAN GREENERS,5,0,3,0,H,0,0,0,0,0,0,0,0,0,0,0,0,0,0,0,0,0,0,1510384.0
19/07/2026,K League 2,2026,SUWON BLUEWINGS,PAJU CITIZEN,0,0,0,0,D,0,0,0,0,0,0,0,0,0,0,0,0,0,0,0,0,0,0,1510385.0
19/07/2026,K League 2,2026,YONGIN CITY,HWASEONG,0,3,0,2,A,0,0,0,0,0,0,0,0,0,0,0,0,0,0,0,0,0,0,1510386.0
21/07/2026,K League 1,2026,JEJU UNITED FC,GANGWON FC,1,1,1,1,D,12,11,4,6,11,10,5,2,2,1,0,0,440,346,5,3,57,43,1507004.0
21/07/2026,K League 1,2026,JEONBUK MOTORS,DAEJEON CITIZEN,0,0,0,0,D,16,11,2,2,10,5,5,5,2,0,0,0,553,364,2,2,60,40,1507005.0
21/07/2026,K League 1,2026,ULSAN HYUNDAI FC,INCHEON UNITED,1,2,1,1,A,10,22,4,8,8,8,3,2,1,4,0,0,382,467,5,3,45,55,1507006.0
22/07/2026,K League 1,2026,BUCHEON FC 1995,FC ANYANG,2,3,1,1,A,0,0,0,0,0,0,0,0,0,0,0,0,0,0,0,0,0,0,1507007.0
22/07/2026,K League 1,2026,GWANGJU FC,GIMCHEON SANGMU FC,1,1,1,1,D,0,0,0,0,0,0,0,0,0,0,0,0,0,0,0,0,0,0,1507008.0
22/07/2026,K League 1,2026,FC SEOUL,POHANG STEELERS,3,1,1,0,H,0,0,0,0,0,0,0,0,0,0,0,0,0,0,0,0,0,0,1507009.0
24/07/2026,K League 2,2026,SEOUL E-LAND FC,CHEONAN CITY,4,3,1,1,H,0,0,0,0,0,0,0,0,0,0,0,0,0,0,0,0,0,0,1510388.0
24/07/2026,K League 2,2026,GIMHAE CITY,CHEONGJU,1,1,0,0,D,0,0,0,0,0,0,0,0,0,0,0,0,0,0,0,0,0,0,1510387.0
25/07/2026,K League 2,2026,HWASEONG,ASAN MUGUNGHWA,3,2,2,0,H,0,0,0,0,0,0,0,0,0,0,0,0,0,0,0,0,0,0,1510391.0
25/07/2026,K League 1,2026,GIMCHEON SANGMU FC,DAEJEON CITIZEN,3,2,2,1,H,13,11,5,3,0,0,3,6,2,1,0,0,0,0,0,0,45,55,1507010.0
25/07/2026,Chinese Super League,2026,QINGDAO JONOON,TIANJIN TEDA,0,2,0,1,A,19,13,5,4,8,7,6,4,2,2,0,0,367,430,1,5,48,52,1523211.0
25/07/2026,K League 2,2026,DAEGU FC,SUWON CITY FC,1,2,0,2,A,0,0,0,0,0,0,0,0,0,0,0,0,0,0,0,0,0,0,1510390.0
25/07/2026,Chinese Super League,2026,SHENYANG URBAN,QINGDAO YOUTH ISLAND,0,1,0,0,A,8,16,1,5,10,18,2,10,1,6,1,0,305,424,4,1,42,58,1523212.0
25/07/2026,Chinese Super League,2026,SHANGHAI SIPG,SHANGHAI SHENHUA,2,0,2,0,H,12,17,3,6,10,16,5,9,2,1,0,0,389,373,6,1,50,50,1523213.0
25/07/2026,Chinese Super League,2026,WUHAN THREE TOWNS,CHONGQING TONGLIANG LONG,1,0,1,0,H,12,14,4,3,10,11,5,4,0,1,0,0,346,574,3,3,38,62,1523214.0
25/07/2026,K League 1,2026,POHANG STEELERS,JEONBUK MOTORS,0,2,0,1,A,6,9,1,3,0,0,7,1,1,1,0,0,0,0,0,0,63,37,1507011.0
25/07/2026,K League 2,2026,BUSAN I PARK,SUWON BLUEWINGS,1,4,1,1,A,0,0,0,0,0,0,0,0,0,0,0,0,0,0,0,0,0,0,1510389.0
25/07/2026,K League 2,2026,JEONNAM DRAGONS,GYEONGNAM FC,1,1,1,0,D,0,0,0,0,0,0,0,0,0,0,0,0,0,0,0,0,0,0,1510392.0
26/07/2026,K League 1,2026,FC ANYANG,GANGWON FC,2,1,2,0,H,0,0,0,0,0,0,0,0,0,0,0,0,0,0,0,0,0,0,1507012.0
26/07/2026,K League 1,2026,GWANGJU FC,JEJU UNITED FC,1,2,1,1,A,0,0,0,0,0,0,0,0,0,0,0,0,0,0,0,0,0,0,1507013.0
26/07/2026,K League 1,2026,INCHEON UNITED,BUCHEON FC 1995,1,1,0,1,D,0,0,0,0,0,0,0,0,0,0,0,0,0,0,0,0,0,0,1507014.0
26/07/2026,K League 1,2026,FC SEOUL,ULSAN HYUNDAI FC,1,3,0,2,A,0,0,0,0,0,0,0,0,0,0,0,0,0,0,0,0,0,0,1507015.0
26/07/2026,K League 2,2026,GIMPO CITIZEN,YONGIN CITY,1,1,0,0,D,0,0,0,0,0,0,0,0,0,0,0,0,0,0,0,0,0,0,1510393.0
26/07/2026,Chinese Super League,2026,CHENGDU BETTER CITY,BEIJING GUOAN,2,2,0,0,D,17,8,8,2,17,10,4,3,2,2,0,0,378,426,0,6,47,53,1523216.0
26/07/2026,Chinese Super League,2026,HANGZHOU GREENTOWN,DALIAN ZHIXING,3,2,1,0,H,16,20,7,7,9,18,3,4,2,4,0,0,364,483,5,4,43,57,1523218.0
26/07/2026,K League 2,2026,PAJU CITIZEN,ANSAN GREENERS,0,1,0,0,A,0,0,0,0,0,0,0,0,0,0,0,0,0,0,0,0,0,0,1510394.0
26/07/2026,Chinese Super League,2026,YUNNAN YUKUN,SICHUAN JIUNIU,4,3,2,1,H,13,9,5,5,14,11,3,5,4,1,0,0,336,277,3,1,54,46,1523215.0
26/07/2026,Chinese Super League,2026,SHANDONG LUNENG,HENAN JIANYE,1,2,0,2,A,17,12,8,3,11,16,3,6,2,3,0,0,492,305,1,7,62,38,1523217.0
31/07/2026,Chinese Super League,2026,HENAN JIANYE,DALIAN ZHIXING,1,1,1,0,D,15,9,3,5,17,16,3,5,4,2,0,0,410,294,4,2,58,42,1523219.0
01/08/2026,K League 1,2026,GANGWON FC,BUCHEON FC 1995,0,3,0,1,A,11,10,3,6,0,0,6,5,4,2,0,0,0,0,0,0,67,33,1507016.0
01/08/2026,Chinese Super League,2026,SHANGHAI SIPG,SHANDONG LUNENG,0,1,0,1,A,18,8,8,4,10,17,8,3,3,3,0,1,522,238,3,8,69,31,1523222.0
01/08/2026,Chinese Super League,2026,TIANJIN TEDA,YUNNAN YUKUN,3,2,0,1,H,20,10,5,5,8,9,3,5,1,2,0,0,406,414,2,2,51,49,1523220.0
01/08/2026,Chinese Super League,2026,CHENGDU BETTER CITY,WUHAN THREE TOWNS,1,1,0,0,D,24,12,9,6,8,7,9,3,1,2,0,0,513,347,4,8,60,40,1523223.0
01/08/2026,Chinese Super League,2026,BEIJING GUOAN,HANGZHOU GREENTOWN,2,1,1,1,H,21,10,2,4,10,14,4,8,2,1,0,0,525,287,3,0,64,36,1523221.0
01/08/2026,K League 2,2026,HWASEONG,DAEGU FC,5,1,3,0,H,0,0,0,0,0,0,0,0,0,0,0,0,0,0,0,0,0,0,1510398.0
01/08/2026,K League 2,2026,CHEONGJU,SUWON BLUEWINGS,2,2,1,0,D,0,0,0,0,0,0,0,0,0,0,0,0,0,0,0,0,0,0,1510397.0
01/08/2026,K League 2,2026,CHEONAN CITY,YONGIN CITY,2,2,1,1,D,0,0,0,0,0,0,0,0,0,0,0,0,0,0,0,0,0,0,1510396.0
01/08/2026,K League 2,2026,ASAN MUGUNGHWA,SEONGNAM FC,2,0,0,0,H,0,0,0,0,0,0,0,0,0,0,0,0,0,0,0,0,0,0,1510395.0
01/08/2026,K League 1,2026,JEONBUK MOTORS,FC SEOUL,0,0,0,0,D,3,2,0,0,0,0,4,5,2,2,0,0,0,0,0,0,53,47,1507017.0
01/08/2026,K League 1,2026,POHANG STEELERS,GIMCHEON SANGMU FC,0,1,0,0,A,6,5,2,2,0,0,3,7,0,0,1,0,0,0,0,0,39,61,1507018.0
02/08/2026,K League 2,2026,ANSAN GREENERS,GIMHAE CITY,2,2,1,2,D,0,0,0,0,0,0,0,0,0,0,0,0,0,0,0,0,0,0,1510399.0
02/08/2026,K League 1,2026,JEJU UNITED FC,INCHEON UNITED,3,3,2,2,D,0,0,0,0,0,0,0,0,0,0,0,0,0,0,0,0,0,0,1507020.0
02/08/2026,K League 1,2026,ULSAN HYUNDAI FC,FC ANYANG,3,1,0,0,H,0,0,0,0,0,0,0,0,0,0,0,0,0,0,0,0,0,0,1507021.0
02/08/2026,Chinese Super League,2026,SHENYANG URBAN,SHANGHAI SHENHUA,3,1,2,0,H,11,12,3,2,14,18,4,2,1,4,0,0,321,398,1,0,44,56,1523226.0
02/08/2026,Chinese Super League,2026,QINGDAO YOUTH ISLAND,QINGDAO JONOON,2,0,1,0,H,9,11,4,2,11,13,3,1,1,5,0,1,399,309,2,2,56,44,1523225.0
02/08/2026,Chinese Super League,2026,SICHUAN JIUNIU,CHONGQING TONGLIANG LONG,2,0,0,0,H,9,5,7,1,23,16,4,6,1,1,0,0,328,396,1,5,45,55,1523224.0
02/08/2026,K League 2,2026,JEONNAM DRAGONS,PAJU CITIZEN,1,2,0,0,A,0,0,0,0,0,0,0,0,0,0,0,0,0,0,0,0,0,0,1510402.0
02/08/2026,K League 2,2026,GIMPO CITIZEN,GYEONGNAM FC,1,1,1,1,D,0,0,0,0,0,0,0,0,0,0,0,0,0,0,0,0,0,0,1510401.0
02/08/2026,K League 2,2026,BUSAN I PARK,SEOUL E-LAND FC,1,2,0,0,A,0,0,0,0,0,0,0,0,0,0,0,0,0,0,0,0,0,0,1510400.0
02/08/2026,K League 1,2026,DAEJEON CITIZEN,GWANGJU FC,2,0,0,0,H,0,0,0,0,0,0,0,0,0,0,0,0,0,0,0,0,0,0,1507019.0
07/08/2026,Chinese Super League,2026,BEIJING GUOAN,SICHUAN JIUNIU,4,0,2,0,H,14,11,8,4,19,10,5,5,2,3,0,0,412,363,5,4,53,47,1523227.0
07/08/2026,K League 2,2026,GYEONGNAM FC,DAEGU FC,0,1,0,0,A,0,0,0,0,0,0,0,0,0,0,0,0,0,0,0,0,0,0,1510405.0
07/08/2026,K League 2,2026,YONGIN CITY,BUSAN I PARK,2,0,0,0,H,0,0,0,0,0,0,0,0,0,0,0,0,0,0,0,0,0,0,1510408.0
07/08/2026,K League 2,2026,ASAN MUGUNGHWA,ANSAN GREENERS,1,1,1,0,D,0,0,0,0,0,0,0,0,0,0,0,0,0,0,0,0,0,0,1510403.0
07/08/2026,K League 2,2026,SUWON BLUEWINGS,GIMHAE CITY,1,0,0,0,H,0,0,0,0,0,0,0,0,0,0,0,0,0,0,0,0,0,0,1510407.0
07/08/2026,J1 League,2026/2027,YOKOHAMA F. MARINOS,KASHIMA,3,4,2,1,A,11,21,4,5,19,7,0,9,0,1,0,0,266,571,1,1,32,68,1553999.0
07/08/2026,J1 League,2026/2027,GAMBA OSAKA,URAWA,4,3,2,1,H,12,19,9,6,11,12,5,6,0,5,0,1,460,287,2,5,61,39,1554003.0
07/08/2026,K League 2,2026,GIMPO CITIZEN,CHEONGJU,3,0,2,0,H,0,0,0,0,0,0,0,0,0,0,0,0,0,0,0,0,0,0,1510404.0
07/08/2026,K League 2,2026,HWASEONG,SEOUL E-LAND FC,0,0,0,0,D,0,0,0,0,0,0,0,0,0,0,0,0,0,0,0,0,0,0,1510406.0
08/08/2026,K League 1,2026,FC ANYANG,DAEJEON CITIZEN,1,2,0,2,A,0,0,0,0,0,0,0,0,0,0,0,0,0,0,0,0,0,0,1507022.0
08/08/2026,K League 1,2026,BUCHEON FC 1995,GWANGJU FC,0,0,0,0,D,0,0,0,0,0,0,0,0,0,0,0,0,0,0,0,0,0,0,1507023.0
08/08/2026,K League 1,2026,GIMCHEON SANGMU FC,FC SEOUL,0,0,0,0,D,0,0,0,0,0,0,0,0,0,0,0,0,0,0,0,0,0,0,1507025.0
08/08/2026,K League 1,2026,JEONBUK MOTORS,JEJU UNITED FC,1,3,0,1,A,0,0,0,0,0,0,0,0,0,0,0,0,0,0,0,0,0,0,1507026.0
08/08/2026,Chinese Super League,2026,DALIAN ZHIXING,SHENYANG URBAN,1,0,1,0,H,12,5,4,1,18,20,6,3,1,2,0,0,305,358,1,2,46,54,1523229.0
08/08/2026,J1 League,2026/2027,SANFRECCE HIROSHIMA,JEF UNITED CHIBA,3,0,1,0,H,23,7,8,3,5,14,3,0,1,1,0,0,507,438,3,4,54,46,1554006.0
08/08/2026,J1 League,2026/2027,NAGOYA GRAMPUS,SHIMIZU S-PULSE,0,1,0,1,A,18,14,6,6,5,14,13,7,0,3,0,1,611,196,5,6,75,25,1554005.0
08/08/2026,J1 League,2026/2027,KASHIWA REYSOL,MITO HOLLYHOCK,2,1,2,0,H,9,16,7,3,5,11,1,5,0,1,0,0,582,488,2,5,54,46,1554004.0
08/08/2026,Chinese Super League,2026,YUNNAN YUKUN,CHENGDU BETTER CITY,1,0,0,0,H,18,12,4,1,10,16,7,6,0,1,0,0,356,324,1,3,52,48,1523231.0
08/08/2026,J1 League,2026/2027,FC TOKYO,MACHIDA ZELVIA,1,5,1,2,A,9,17,4,8,11,10,2,5,1,1,1,0,415,509,3,3,44,56,1554002.0
08/08/2026,J1 League,2026/2027,AVISPA FUKUOKA,VISSEL KOBE,0,1,0,1,A,11,7,2,3,22,5,3,1,2,1,0,0,336,402,2,2,46,54,1554000.0
08/08/2026,J2 League,2026/2027,SAGAN TOSU,VENTFORET KOFU,2,0,1,0,H,0,0,0,0,0,0,0,0,0,0,0,0,0,0,0,0,0,0,1606603.0
08/08/2026,K League 2,2026,SEONGNAM FC,CHEONAN CITY,3,2,2,1,H,0,0,0,0,0,0,0,0,0,0,0,0,0,0,0,0,0,0,1510410.0
08/08/2026,K League 2,2026,PAJU CITIZEN,SUWON CITY FC,0,1,0,0,A,0,0,0,0,0,0,0,0,0,0,0,0,0,0,0,0,0,0,1510409.0
08/08/2026,Chinese Super League,2026,QINGDAO JONOON,SHANGHAI SHENHUA,0,1,0,0,A,15,13,1,6,13,13,6,6,2,0,0,0,415,401,5,1,51,49,1523228.0
08/08/2026,K League 1,2026,POHANG STEELERS,ULSAN HYUNDAI FC,0,2,0,0,A,0,0,0,0,0,0,0,0,0,0,0,0,0,0,0,0,0,0,1507027.0
08/08/2026,J1 League,2026/2027,CEREZO OSAKA,FAGIANO OKAYAMA,2,1,2,1,H,6,17,4,5,14,10,5,8,1,0,0,0,410,397,3,2,50,50,1554001.0
08/08/2026,J2 League,2026/2027,TEGEVAJARO MIYAZAKI,YOKOHAMA FC,0,1,0,0,A,0,0,0,0,0,0,0,0,0,0,0,0,0,0,0,0,0,0,1606600.0
08/08/2026,J2 League,2026/2027,VANRAURE HACHINOHE,KATALLER TOYAMA,2,0,1,0,H,0,0,0,0,0,0,0,0,0,0,0,0,0,0,0,0,0,0,1606598.0
08/08/2026,J2 League,2026/2027,OITA TRINITA,SHONAN BELLMARE,0,1,0,1,A,0,0,0,0,0,0,0,0,0,0,0,0,0,0,0,0,0,0,1606599.0
08/08/2026,J2 League,2026/2027,OMIYA ARDIJA,ALBIREX NIIGATA,1,0,1,0,H,0,0,0,0,0,0,0,0,0,0,0,0,0,0,0,0,0,0,1606601.0
08/08/2026,J2 League,2026/2027,JUBILO IWATA,BLAUBLITZ AKITA,1,1,1,0,D,0,0,0,0,0,0,0,0,0,0,0,0,0,0,0,0,0,0,1606602.0
08/08/2026,J2 League,2026/2027,FUJIEDA MYFC,VEGALTA SENDAI,2,0,1,0,H,0,0,0,0,0,0,0,0,0,0,0,0,0,0,0,0,0,0,1606597.0
08/08/2026,J2 League,2026/2027,CONSADOLE SAPPORO,TOKUSHIMA VORTIS,2,0,1,0,H,0,0,0,0,0,0,0,0,0,0,0,0,0,0,0,0,0,0,1606596.0
09/08/2026,J2 League,2026/2027,MONTEDIO YAMAGATA,TOCHIGI CITY,2,0,1,0,H,0,0,0,0,0,0,0,0,0,0,0,0,0,0,0,0,0,0,1606605.0
09/08/2026,J1 League,2026/2027,V-VAREN NAGASAKI,KYOTO SANGA,2,1,2,0,H,16,10,4,3,10,13,7,4,1,3,0,0,327,460,2,2,42,58,1554008.0
09/08/2026,Chinese Super League,2026,SHANDONG LUNENG,TIANJIN TEDA,2,1,0,0,H,8,8,4,2,10,6,5,1,2,2,0,0,640,353,1,2,65,35,1523234.0
09/08/2026,J2 League,2026/2027,IWAKI,IMABARI,2,1,0,0,H,0,0,0,0,0,0,0,0,0,0,0,0,0,0,0,0,0,0,1606604.0
09/08/2026,Chinese Super League,2026,CHONGQING TONGLIANG LONG,SHANGHAI SIPG,2,3,2,2,A,13,8,4,5,10,16,7,4,3,0,0,0,378,463,2,2,46,54,1523233.0
09/08/2026,Chinese Super League,2026,HENAN JIANYE,QINGDAO YOUTH ISLAND,0,0,0,0,D,12,5,5,0,15,11,6,3,1,2,1,0,470,322,0,5,58,42,1523232.0
09/08/2026,J1 League,2026/2027,TOKYO VERDY,KAWASAKI FRONTALE,1,1,0,0,D,15,15,4,4,13,9,4,4,0,1,0,0,290,642,3,3,31,69,1554007.0
14/08/2026,J1 League,2026/2027,TOKYO VERDY,KASHIWA REYSOL,1,3,1,1,A,13,17,4,6,10,9,3,5,1,2,0,0,430,717,3,3,37,63,1556021.0
14/08/2026,Chinese Super League,2026,WUHAN THREE TOWNS,SHANGHAI SIPG,2,3,1,0,A,12,13,6,5,14,13,0,3,3,3,0,0,351,490,2,4,42,58,1523236.0
14/08/2026,Chinese Super League,2026,SHANDONG LUNENG,QINGDAO JONOON,3,1,2,1,H,19,19,7,5,11,6,4,4,2,1,0,0,481,423,4,4,53,47,1523235.0
14/08/2026,Chinese Super League,2026,QINGDAO YOUTH ISLAND,CHONGQING TONGLIANG LONG,0,0,0,0,D,17,12,3,3,10,17,3,4,0,1,0,0,523,403,3,3,56,44,1523237.0
15/08/2026,J2 League,2026/2027,TOCHIGI CITY,VANRAURE HACHINOHE,5,0,2,0,H,0,0,0,0,0,0,0,0,0,0,0,0,0,0,0,0,0,0,1606607.0
15/08/2026,J2 League,2026/2027,FUJIEDA MYFC,IWAKI,3,1,1,1,H,0,0,0,0,0,0,0,0,0,0,0,0,0,0,0,0,0,0,1606608.0
15/08/2026,J2 League,2026/2027,ALBIREX NIIGATA,CONSADOLE SAPPORO,2,1,1,1,H,0,0,0,0,0,0,0,0,0,0,0,0,0,0,0,0,0,0,1606609.0
15/08/2026,J1 League,2026/2027,KAWASAKI FRONTALE,KYOTO SANGA,2,2,1,0,D,21,13,7,6,9,8,6,1,1,2,0,0,488,399,4,5,56,44,1554011.0
15/08/2026,J1 League,2026/2027,JEF UNITED CHIBA,MACHIDA ZELVIA,0,4,0,2,A,9,18,2,5,16,13,2,8,3,0,0,0,430,392,1,2,52,48,1554009.0
15/08/2026,J2 League,2026/2027,VENTFORET KOFU,TEGEVAJARO MIYAZAKI,1,1,1,1,D,0,0,0,0,0,0,0,0,0,0,0,0,0,0,0,0,0,0,1606612.0
15/08/2026,J2 League,2026/2027,SHONAN BELLMARE,MONTEDIO YAMAGATA,1,0,0,0,H,0,0,0,0,0,0,0,0,0,0,0,0,0,0,0,0,0,0,1606613.0
15/08/2026,J1 League,2026/2027,AVISPA FUKUOKA,CEREZO OSAKA,3,0,2,0,H,13,7,6,1,11,11,4,2,1,0,0,0,266,543,1,3,33,67,1556022.0
15/08/2026,J1 League,2026/2027,VISSEL KOBE,FC TOKYO,2,2,1,1,D,13,16,3,4,8,10,7,4,0,0,0,0,439,321,2,1,58,42,1554016.0
15/08/2026,J1 League,2026/2027,URAWA,SANFRECCE HIROSHIMA,1,4,1,2,A,3,26,1,9,17,7,1,11,2,1,0,0,344,356,5,1,48,52,1554015.0
15/08/2026,J2 League,2026/2027,IMABARI,OMIYA ARDIJA,2,3,1,2,A,0,0,0,0,0,0,0,0,0,0,0,0,0,0,0,0,0,0,1606611.0
15/08/2026,J1 League,2026/2027,SHIMIZU S-PULSE,YOKOHAMA F. MARINOS,0,1,0,0,A,12,11,4,3,10,16,7,5,1,0,0,0,269,427,2,5,40,60,1554014.0
15/08/2026,J1 League,2026/2027,FAGIANO OKAYAMA,V-VAREN NAGASAKI,1,0,0,0,H,22,3,3,0,12,10,5,1,0,1,0,0,365,525,0,2,43,57,1554013.0
15/08/2026,J1 League,2026/2027,MITO HOLLYHOCK,GAMBA OSAKA,1,1,1,0,D,17,19,4,4,14,9,9,9,1,0,0,0,278,623,3,2,32,68,1554012.0
15/08/2026,J1 League,2026/2027,KASHIMA,NAGOYA GRAMPUS,2,1,1,0,H,16,13,6,1,14,14,3,4,3,1,0,0,481,477,0,5,49,51,1554010.0
15/08/2026,J2 League,2026/2027,VEGALTA SENDAI,OITA TRINITA,0,0,0,0,D,0,0,0,0,0,0,0,0,0,0,0,0,0,0,0,0,0,0,1606610.0
15/08/2026,J2 League,2026/2027,BLAUBLITZ AKITA,KATALLER TOYAMA,0,4,0,2,A,0,0,0,0,0,0,0,0,0,0,0,0,0,0,0,0,0,0,1606606.0
15/08/2026,K League 1,2026,JEJU UNITED FC,FC ANYANG,2,0,1,0,H,0,0,0,0,0,0,0,0,0,0,0,0,0,0,0,0,0,0,1507029.0
15/08/2026,K League 1,2026,GWANGJU FC,POHANG STEELERS,1,2,0,1,A,0,0,0,0,0,0,0,0,0,0,0,0,0,0,0,0,0,0,1507028.0
15/08/2026,Chinese Super League,2026,SHENYANG URBAN,SICHUAN JIUNIU,1,2,1,1,A,13,11,3,4,19,13,6,5,0,5,0,0,354,318,2,2,53,47,1523238.0
15/08/2026,Chinese Super League,2026,TIANJIN TEDA,BEIJING GUOAN,2,4,0,2,A,19,9,8,6,5,6,10,1,0,2,0,0,398,410,2,5,51,49,1523239.0
15/08/2026,Chinese Super League,2026,HANGZHOU GREENTOWN,CHENGDU BETTER CITY,2,3,2,1,A,13,18,7,5,10,16,6,7,2,3,0,0,330,391,2,4,46,54,1523240.0
15/08/2026,Chinese Super League,2026,SHANGHAI SHENHUA,HENAN JIANYE,4,1,1,1,H,20,13,7,4,8,15,2,4,0,2,0,0,326,508,3,3,40,60,1523241.0
15/08/2026,Chinese Super League,2026,YUNNAN YUKUN,DALIAN ZHIXING,3,1,0,1,H,30,5,9,2,14,14,9,3,1,4,0,1,519,187,1,6,73,27,1523242.0
15/08/2026,K League 1,2026,FC SEOUL,DAEJEON CITIZEN,4,2,0,1,H,0,0,0,0,0,0,0,0,0,0,0,0,0,0,0,0,0,0,1507030.0
15/08/2026,K League 2,2026,BUSAN I PARK,HWASEONG,0,0,0,0,D,0,0,0,0,0,0,0,0,0,0,0,0,0,0,0,0,0,0,1510411.0
15/08/2026,K League 2,2026,SUWON BLUEWINGS,SUWON CITY FC,2,2,1,1,D,0,0,0,0,0,0,0,0,0,0,0,0,0,0,0,0,0,0,1510414.0
15/08/2026,K League 2,2026,GIMHAE CITY,GYEONGNAM FC,1,1,0,0,D,0,0,0,0,0,0,0,0,0,0,0,0,0,0,0,0,0,0,1510413.0
15/08/2026,K League 2,2026,CHEONGJU,JEONNAM DRAGONS,2,1,0,0,H,0,0,0,0,0,0,0,0,0,0,0,0,0,0,0,0,0,0,1510412.0
16/08/2026,K League 2,2026,SEOUL E-LAND FC,ANSAN GREENERS,3,1,1,1,H,0,0,0,0,0,0,0,0,0,0,0,0,0,0,0,0,0,0,1510418.0
16/08/2026,K League 1,2026,INCHEON UNITED,GIMCHEON SANGMU FC,1,1,0,0,D,0,0,0,0,0,0,0,0,0,0,0,0,0,0,0,0,0,0,1507032.0
16/08/2026,K League 1,2026,ULSAN HYUNDAI FC,GANGWON FC,2,3,1,2,A,0,0,0,0,0,0,0,0,0,0,0,0,0,0,0,0,0,0,1507033.0
16/08/2026,K League 2,2026,PAJU CITIZEN,SEONGNAM FC,2,1,0,1,H,0,0,0,0,0,0,0,0,0,0,0,0,0,0,0,0,0,0,1510417.0
16/08/2026,J2 League,2026/2027,YOKOHAMA FC,JUBILO IWATA,3,1,1,0,H,0,0,0,0,0,0,0,0,0,0,0,0,0,0,0,0,0,0,1606614.0
16/08/2026,J2 League,2026/2027,TOKUSHIMA VORTIS,SAGAN TOSU,0,0,0,0,D,0,0,0,0,0,0,0,0,0,0,0,0,0,0,0,0,0,0,1606615.0
16/08/2026,K League 2,2026,GIMPO CITIZEN,CHEONAN CITY,1,1,1,1,D,0,0,0,0,0,0,0,0,0,0,0,0,0,0,0,0,0,0,1510416.0
16/08/2026,K League 2,2026,DAEGU FC,ASAN MUGUNGHWA,2,0,0,0,H,0,0,0,0,0,0,0,0,0,0,0,0,0,0,0,0,0,0,1510415.0
16/08/2026,K League 1,2026,BUCHEON FC 1995,JEONBUK MOTORS,3,2,2,0,H,0,0,0,0,0,0,0,0,0,0,0,0,0,0,0,0,0,0,1507031.0
18/08/2026,Chinese Super League,2026,SHANGHAI SHENHUA,BEIJING GUOAN,0,3,0,1,A,21,16,8,8,9,11,8,5,2,4,0,0,365,360,4,8,51,49,1523198.0
19/08/2026,Chinese Super League,2026,SHANGHAI SIPG,DALIAN ZHIXING,1,1,0,1,D,17,6,5,2,6,16,10,3,2,3,0,1,514,263,1,4,68,32,1523202.0
21/08/2026,J1 League,2026/2027,KASHIWA REYSOL,V-VAREN NAGASAKI,4,2,1,0,H,12,5,5,4,7,6,8,2,1,0,0,0,839,377,2,3,69,31,1556024.0
21/08/2026,J1 League,2026/2027,FC TOKYO,JEF UNITED CHIBA,2,0,0,0,H,22,7,5,1,11,5,5,1,1,0,0,0,578,337,1,3,63,37,1556023.0
22/08/2026,J1 League,2026/2027,YOKOHAMA F. MARINOS,VISSEL KOBE,1,0,1,0,H,8,8,1,0,21,19,6,2,4,2,0,0,333,425,0,0,44,56,1556030.0
22/08/2026,K League 2,2026,ANSAN GREENERS,SEONGNAM FC,1,2,1,0,A,0,0,0,0,0,0,0,0,0,0,0,0,0,0,0,0,0,0,1510419.0
22/08/2026,K League 2,2026,CHEONAN CITY,SUWON BLUEWINGS,0,1,0,0,A,0,0,0,0,0,0,0,0,0,0,0,0,0,0,0,0,0,0,1510420.0
22/08/2026,K League 2,2026,DAEGU FC,BUSAN I PARK,1,1,0,0,D,0,0,0,0,0,0,0,0,0,0,0,0,0,0,0,0,0,0,1510421.0
22/08/2026,J2 League,2026/2027,MONTEDIO YAMAGATA,YOKOHAMA FC,2,0,0,0,H,0,0,0,0,0,0,0,0,0,0,0,0,0,0,0,0,0,0,1606622.0
22/08/2026,J2 League,2026/2027,JUBILO IWATA,TOKUSHIMA VORTIS,2,1,1,1,H,0,0,0,0,0,0,0,0,0,0,0,0,0,0,0,0,0,0,1606623.0
22/08/2026,J2 League,2026/2027,SAGAN TOSU,TOCHIGI CITY,1,3,1,0,A,0,0,0,0,0,0,0,0,0,0,0,0,0,0,0,0,0,0,1606624.0
22/08/2026,J1 League,2026/2027,KYOTO SANGA,MITO HOLLYHOCK,1,3,0,2,A,15,15,4,6,9,4,1,7,0,0,0,0,555,401,3,3,58,42,1554017.0
22/08/2026,J2 League,2026/2027,CONSADOLE SAPPORO,OMIYA ARDIJA,1,4,0,2,A,0,0,0,0,0,0,0,0,0,0,0,0,0,0,0,0,0,0,1606616.0
22/08/2026,J1 League,2026/2027,CEREZO OSAKA,SHIMIZU S-PULSE,1,0,0,0,H,13,10,5,3,10,13,7,6,2,2,0,0,482,343,2,4,58,42,1556025.0
22/08/2026,J1 League,2026/2027,KASHIMA,AVISPA FUKUOKA,3,2,1,1,H,11,20,4,7,8,10,2,8,1,1,0,0,543,416,5,2,56,44,1556026.0
22/08/2026,J1 League,2026/2027,NAGOYA GRAMPUS,GAMBA OSAKA,3,1,1,1,H,21,10,12,3,10,19,4,3,0,2,0,1,417,398,2,8,52,48,1556027.0
22/08/2026,J1 League,2026/2027,FAGIANO OKAYAMA,TOKYO VERDY,0,0,0,0,D,17,5,3,0,12,14,6,1,1,2,0,0,447,348,0,3,57,43,1556028.0
22/08/2026,K League 2,2026,SUWON CITY FC,GIMHAE CITY,2,0,1,0,H,0,0,0,0,0,0,0,0,0,0,0,0,0,0,0,0,0,0,1510422.0
22/08/2026,J2 League,2026/2027,TEGEVAJARO MIYAZAKI,SHONAN BELLMARE,0,0,0,0,D,0,0,0,0,0,0,0,0,0,0,0,0,0,0,0,0,0,0,1606625.0
22/08/2026,J1 League,2026/2027,SANFRECCE HIROSHIMA,KAWASAKI FRONTALE,1,1,1,0,D,15,18,7,6,6,10,3,3,2,1,0,0,536,425,5,6,56,44,1556029.0
22/08/2026,Chinese Super League,2026,BEIJING GUOAN,YUNNAN YUKUN,3,3,1,0,D,17,14,8,5,8,9,9,5,1,1,0,0,511,354,2,5,60,40,1523246.0
22/08/2026,K League 1,2026,FC ANYANG,FC SEOUL,0,7,0,5,A,0,0,0,0,0,0,0,0,0,0,0,0,0,0,0,0,0,0,1507034.0
22/08/2026,Chinese Super League,2026,CHENGDU BETTER CITY,SHANGHAI SHENHUA,4,5,2,1,A,12,16,5,8,10,12,2,8,1,2,0,0,409,375,3,1,52,48,1523244.0
22/08/2026,J2 League,2026/2027,VANRAURE HACHINOHE,VEGALTA SENDAI,0,2,0,1,A,0,0,0,0,0,0,0,0,0,0,0,0,0,0,0,0,0,0,1606617.0
22/08/2026,J2 League,2026/2027,BLAUBLITZ AKITA,VENTFORET KOFU,3,0,2,0,H,0,0,0,0,0,0,0,0,0,0,0,0,0,0,0,0,0,0,1606618.0
22/08/2026,J2 League,2026/2027,KATALLER TOYAMA,IMABARI,4,0,1,0,H,0,0,0,0,0,0,0,0,0,0,0,0,0,0,0,0,0,0,1606619.0
22/08/2026,Chinese Super League,2026,WUHAN THREE TOWNS,TIANJIN TEDA,0,0,0,0,D,28,11,3,5,6,9,12,3,1,1,0,0,502,330,5,3,62,38,1523243.0
22/08/2026,J2 League,2026/2027,OITA TRINITA,IWAKI,4,1,3,1,H,0,0,0,0,0,0,0,0,0,0,0,0,0,0,0,0,0,0,1606621.0
22/08/2026,J2 League,2026/2027,ALBIREX NIIGATA,FUJIEDA MYFC,1,0,0,0,H,0,0,0,0,0,0,0,0,0,0,0,0,0,0,0,0,0,0,1606620.0
22/08/2026,Chinese Super League,2026,QINGDAO YOUTH ISLAND,SHANDONG LUNENG,2,0,1,0,H,10,15,3,3,11,14,3,4,0,3,1,1,301,519,3,1,37,63,1523247.0
22/08/2026,K League 1,2026,BUCHEON FC 1995,POHANG STEELERS,3,0,2,0,H,0,0,0,0,0,0,0,0,0,0,0,0,0,0,0,0,0,0,1507037.0
22/08/2026,K League 1,2026,JEONBUK MOTORS,ULSAN HYUNDAI FC,1,0,0,0,H,0,0,0,0,0,0,0,0,0,0,0,0,0,0,0,0,0,0,1507036.0
22/08/2026,K League 1,2026,JEJU UNITED FC,GIMCHEON SANGMU FC,0,0,0,0,D,0,0,0,0,0,0,0,0,0,0,0,0,0,0,0,0,0,0,1507035.0
22/08/2026,Chinese Super League,2026,SICHUAN JIUNIU,HANGZHOU GREENTOWN,1,1,0,0,D,11,11,4,5,18,17,6,7,2,1,0,0,232,297,4,3,43,57,1523245.0
23/08/2026,Chinese Super League,2026,SHANGHAI SIPG,QINGDAO JONOON,2,1,1,1,H,11,10,4,2,11,18,5,2,1,3,0,0,450,326,1,3,59,41,1523249.0
23/08/2026,Chinese Super League,2026,SHENYANG URBAN,HENAN JIANYE,4,4,0,2,D,14,16,5,7,14,14,8,8,1,3,0,0,401,254,3,1,61,39,1523248.0
23/08/2026,K League 2,2026,ASAN MUGUNGHWA,YONGIN CITY,2,1,1,0,H,0,0,0,0,0,0,0,0,0,0,0,0,0,0,0,0,0,0,1510423.0
23/08/2026,K League 2,2026,CHEONGJU,GYEONGNAM FC,1,1,1,1,D,0,0,0,0,0,0,0,0,0,0,0,0,0,0,0,0,0,0,1510424.0
23/08/2026,K League 2,2026,JEONNAM DRAGONS,HWASEONG,1,0,1,0,H,0,0,0,0,0,0,0,0,0,0,0,0,0,0,0,0,0,0,1510425.0
23/08/2026,Chinese Super League,2026,CHONGQING TONGLIANG LONG,DALIAN ZHIXING,0,1,0,0,A,11,12,2,2,13,8,3,5,0,0,0,0,538,413,1,2,57,43,1523250.0
23/08/2026,K League 1,2026,DAEJEON CITIZEN,GANGWON FC,3,0,0,0,H,0,0,0,0,0,0,0,0,0,0,0,0,0,0,0,0,0,0,1507038.0
23/08/2026,J1 League,2026/2027,MACHIDA ZELVIA,URAWA,3,1,1,1,H,13,22,7,3,10,9,1,3,0,1,0,0,346,586,2,4,38,62,1554018.0
23/08/2026,K League 2,2026,SEOUL E-LAND FC,PAJU CITIZEN,1,1,0,0,D,0,0,0,0,0,0,0,0,0,0,0,0,0,0,0,0,0,0,1510426.0
23/08/2026,K League 1,2026,GWANGJU FC,INCHEON UNITED,0,1,0,0,A,0,0,0,0,0,0,0,0,0,0,0,0,0,0,0,0,0,0,1507039.0
25/08/2026,K League 1,2026,FC SEOUL,BUCHEON FC 1995,1,0,0,0,H,0,0,0,0,0,0,0,0,0,0,0,0,0,0,0,0,0,0,1507042.0
25/08/2026,K League 1,2026,JEJU UNITED FC,POHANG STEELERS,1,2,0,1,A,0,0,0,0,0,0,0,0,0,0,0,0,0,0,0,0,0,0,1507041.0
25/08/2026,K League 1,2026,GIMCHEON SANGMU FC,JEONBUK MOTORS,0,0,0,0,D,0,0,0,0,0,0,0,0,0,0,0,0,0,0,0,0,0,0,1507040.0
26/08/2026,K League 1,2026,GANGWON FC,GWANGJU FC,2,2,0,2,D,0,0,0,0,0,0,0,0,0,0,0,0,0,0,0,0,0,0,1507045.0
26/08/2026,K League 1,2026,DAEJEON CITIZEN,ULSAN HYUNDAI FC,2,1,0,0,H,0,0,0,0,0,0,0,0,0,0,0,0,0,0,0,0,0,0,1507044.0
26/08/2026,K League 1,2026,FC ANYANG,INCHEON UNITED,2,1,1,1,H,0,0,0,0,0,0,0,0,0,0,0,0,0,0,0,0,0,0,1507043.0
28/08/2026,K League 2,2026,ANSAN GREENERS,DAEGU FC,1,2,1,0,A,0,0,0,0,0,0,0,0,0,0,0,0,0,0,0,0,0,0,1510427.0
28/08/2026,Chinese Super League,2026,SHANGHAI SHENHUA,SHANDONG LUNENG,2,3,2,1,A,19,14,7,5,9,9,8,6,0,3,0,0,522,370,2,5,59,41,1523256.0
28/08/2026,K League 2,2026,JEONNAM DRAGONS,CHEONAN CITY,1,0,0,0,H,0,0,0,0,0,0,0,0,0,0,0,0,0,0,0,0,0,0,1510428.0
28/08/2026,Chinese Super League,2026,SICHUAN JIUNIU,SHANGHAI SIPG,0,1,0,0,A,11,10,4,6,15,14,3,0,2,1,0,0,344,475,5,4,43,57,1523252.0
28/08/2026,Chinese Super League,2026,DALIAN ZHIXING,BEIJING GUOAN,1,1,0,1,D,11,10,2,3,17,19,4,1,0,3,0,1,370,323,2,1,54,46,1523251.0
29/08/2026,J2 League,2026/2027,KATALLER TOYAMA,FUJIEDA MYFC,2,3,1,3,A,0,0,0,0,0,0,0,0,0,0,0,0,0,0,0,0,0,0,1606629.0
29/08/2026,J2 League,2026/2027,TOCHIGI CITY,JUBILO IWATA,1,3,0,3,A,0,0,0,0,0,0,0,0,0,0,0,0,0,0,0,0,0,0,1606626.0
29/08/2026,J2 League,2026/2027,TOKUSHIMA VORTIS,OITA TRINITA,1,0,0,0,H,0,0,0,0,0,0,0,0,0,0,0,0,0,0,0,0,0,0,1606630.0
29/08/2026,J2 League,2026/2027,VANRAURE HACHINOHE,BLAUBLITZ AKITA,1,0,0,0,H,0,0,0,0,0,0,0,0,0,0,0,0,0,0,0,0,0,0,1606628.0
29/08/2026,J2 League,2026/2027,VENTFORET KOFU,CONSADOLE SAPPORO,2,1,0,1,H,0,0,0,0,0,0,0,0,0,0,0,0,0,0,0,0,0,0,1606631.0
29/08/2026,J2 League,2026/2027,VEGALTA SENDAI,TEGEVAJARO MIYAZAKI,4,2,3,1,H,0,0,0,0,0,0,0,0,0,0,0,0,0,0,0,0,0,0,1606633.0
29/08/2026,J2 League,2026/2027,IWAKI,ALBIREX NIIGATA,2,3,1,1,A,0,0,0,0,0,0,0,0,0,0,0,0,0,0,0,0,0,0,1606627.0
29/08/2026,J2 League,2026/2027,IMABARI,MONTEDIO YAMAGATA,0,3,0,0,A,0,0,0,0,0,0,0,0,0,0,0,0,0,0,0,0,0,0,1606632.0
29/08/2026,J2 League,2026/2027,YOKOHAMA FC,SAGAN TOSU,2,2,1,1,D,0,0,0,0,0,0,0,0,0,0,0,0,0,0,0,0,0,0,1606635.0
29/08/2026,J1 League,2026/2027,VISSEL KOBE,CEREZO OSAKA,1,0,0,0,H,12,13,6,3,13,11,4,9,2,1,0,0,349,431,3,4,44,56,1556039.0
29/08/2026,K League 1,2026,ULSAN HYUNDAI FC,GIMCHEON SANGMU FC,3,1,1,1,H,3,3,3,1,0,0,5,12,1,2,0,0,0,0,0,0,45,55,1507047.0
29/08/2026,K League 1,2026,BUCHEON FC 1995,FC ANYANG,1,1,0,0,D,10,13,5,6,0,0,4,2,2,1,0,0,0,0,0,0,46,54,1507046.0
29/08/2026,J2 League,2026/2027,OMIYA ARDIJA,SHONAN BELLMARE,2,2,0,2,D,0,0,0,0,0,0,0,0,0,0,0,0,0,0,0,0,0,0,1606634.0
29/08/2026,K League 2,2026,GIMPO CITIZEN,SUWON BLUEWINGS,1,4,0,1,A,0,0,0,0,0,0,0,0,0,0,0,0,0,0,0,0,0,0,1510429.0
29/08/2026,K League 2,2026,GYEONGNAM FC,PAJU CITIZEN,1,0,0,0,H,0,0,0,0,0,0,0,0,0,0,0,0,0,0,0,0,0,0,1510430.0
29/08/2026,K League 2,2026,HWASEONG,CHEONGJU,2,1,0,0,H,0,0,0,0,0,0,0,0,0,0,0,0,0,0,0,0,0,0,1510431.0
29/08/2026,K League 2,2026,SEONGNAM FC,SEOUL E-LAND FC,1,1,0,0,D,0,0,0,0,0,0,0,0,0,0,0,0,0,0,0,0,0,0,1510432.0
29/08/2026,J1 League,2026/2027,V-VAREN NAGASAKI,FC TOKYO,0,3,0,2,A,5,13,1,6,6,11,7,3,2,1,0,0,554,543,3,1,51,49,1556040.0
29/08/2026,Chinese Super League,2026,HANGZHOU GREENTOWN,YUNNAN YUKUN,6,0,5,0,H,16,13,10,5,11,14,7,3,1,2,0,0,410,368,5,4,53,47,1523254.0
29/08/2026,Chinese Super League,2026,CHENGDU BETTER CITY,SHENYANG URBAN,2,1,1,0,H,24,12,6,1,11,8,7,6,1,3,0,0,395,494,1,3,45,55,1523255.0
29/08/2026,Chinese Super League,2026,TIANJIN TEDA,QINGDAO YOUTH ISLAND,1,1,0,1,D,15,14,4,4,13,10,5,6,1,2,0,0,478,368,3,3,56,44,1523253.0
29/08/2026,Chinese Super League,2026,QINGDAO JONOON,WUHAN THREE TOWNS,1,5,0,2,A,20,19,7,9,15,11,7,5,2,1,1,0,293,351,4,5,47,53,1523258.0
29/08/2026,J1 League,2026/2027,GAMBA OSAKA,SANFRECCE HIROSHIMA,0,0,0,0,D,10,17,3,4,8,10,5,7,1,2,1,0,416,473,4,3,46,54,1556031.0
29/08/2026,J1 League,2026/2027,KAWASAKI FRONTALE,JEF UNITED CHIBA,4,2,4,2,H,15,18,6,9,7,12,5,4,2,4,0,0,428,565,7,2,43,57,1556032.0
29/08/2026,J1 League,2026/2027,KYOTO SANGA,AVISPA FUKUOKA,2,1,1,0,H,9,19,3,9,7,11,1,6,1,3,0,0,356,457,8,1,43,57,1556033.0
29/08/2026,J1 League,2026/2027,MITO HOLLYHOCK,MACHIDA ZELVIA,1,1,1,1,D,14,18,4,3,13,9,3,2,0,1,0,0,371,573,2,3,39,61,1556034.0
29/08/2026,J1 League,2026/2027,NAGOYA GRAMPUS,FAGIANO OKAYAMA,2,1,1,1,H,15,15,4,2,10,17,6,9,2,3,0,0,485,260,1,2,65,35,1556035.0
29/08/2026,J1 League,2026/2027,SHIMIZU S-PULSE,KASHIWA REYSOL,0,1,0,0,A,6,17,0,3,9,9,3,6,0,0,0,0,359,598,3,0,38,62,1556036.0
29/08/2026,J1 League,2026/2027,URAWA,YOKOHAMA F. MARINOS,3,2,1,1,H,19,10,8,6,17,17,4,3,1,3,0,0,334,387,4,5,46,54,1556037.0
29/08/2026,J1 League,2026/2027,TOKYO VERDY,KASHIMA,0,2,0,1,A,3,25,1,6,15,11,5,4,1,3,0,0,374,708,5,1,35,65,1556038.0
29/08/2026,Chinese Super League,2026,HENAN JIANYE,CHONGQING TONGLIANG LONG,1,1,1,0,D,14,10,6,3,14,19,6,3,2,1,0,0,516,231,2,4,69,31,1523257.0
30/08/2026,K League 1,2026,GANGWON FC,POHANG STEELERS,0,0,0,0,D,0,0,0,0,0,0,0,0,0,0,0,0,0,0,0,0,0,0,1507051.0
30/08/2026,K League 2,2026,SUWON CITY FC,BUSAN I PARK,2,1,1,1,H,0,0,0,0,0,0,0,0,0,0,0,0,0,0,0,0,0,0,1510434.0
30/08/2026,K League 2,2026,GIMHAE CITY,YONGIN CITY,0,3,0,3,A,0,0,0,0,0,0,0,0,0,0,0,0,0,0,0,0,0,0,1510433.0
30/08/2026,K League 1,2026,GWANGJU FC,FC SEOUL,2,5,1,3,A,0,0,0,0,0,0,0,0,0,0,0,0,0,0,0,0,0,0,1507048.0
30/08/2026,K League 1,2026,INCHEON UNITED,JEONBUK MOTORS,1,1,0,0,D,0,0,0,0,0,0,0,0,0,0,0,0,0,0,0,0,0,0,1507049.0
30/08/2026,K League 1,2026,JEJU UNITED FC,DAEJEON CITIZEN,3,1,1,0,H,0,0,0,0,0,0,0,0,0,0,0,0,0,0,0,0,0,0,1507050.0
