Date,League,Season,HomeTeam,AwayTeam,minuto,parte,goleador,asistente,jugador_tarjeta,equipo,tipo,fixture_id
04/09/2026,Liga 1 Indonesia,2026/2027,Arema FC,Adhyaksa,6,1P,A. Farisi,Gabriel Silva,,Arema FC,Normal Goal,1621304
04/09/2026,Liga 1 Indonesia,2026/2027,Arema FC,Adhyaksa,14,1P,Diego Landis,Gustavo Franca,,Arema FC,Normal Goal,1621304
04/09/2026,Liga 1 Indonesia,2026/2027,Arema FC,Adhyaksa,45,1P,MV,A. Farisi,,Arema FC,Normal Goal,1621304
04/09/2026,Liga 1 Indonesia,2026/2027,Arema FC,Adhyaksa,85,2P,M. Zijlstra,,,Arema FC,Normal Goal,1621304
04/09/2026,Liga 1 Indonesia,2026/2027,Bali United,PSS Sleman,39,1P,T. Yachida,,,Bali United,Penalty,1621305
04/09/2026,Liga 1 Indonesia,2026/2027,Bali United,PSS Sleman,67,2P,Queven,R. Balk,,Bali United,Normal Goal,1621305
04/09/2026,Liga 1 Indonesia,2026/2027,Bali United,PSS Sleman,90,2P,M. Lorenzen,S. Djoge,,PSS Sleman,Normal Goal,1621305
05/09/2026,Liga 1 Indonesia,2026/2027,Bhayangkara FC,Persebaya Surabaya,13,1P,Y. Mabella,R. Irianto,,Persebaya Surabaya,Normal Goal,1621306
05/09/2026,Liga 1 Indonesia,2026/2027,Bhayangkara FC,Persebaya Surabaya,60,2P,Allano,M. Sidibe,,Bhayangkara FC,Normal Goal,1621306
05/09/2026,Liga 1 Indonesia,2026/2027,PSIM Yogyakarta,Persita,49,2P,Luquinhas,M. Jardel,,Persita,Normal Goal,1621308
05/09/2026,Liga 1 Indonesia,2026/2027,PSIM Yogyakarta,Persita,84,2P,A. Purzycki,,,PSIM Yogyakarta,Normal Goal,1621308
05/09/2026,Liga 1 Indonesia,2026/2027,Persik Kediri,Dewa United,15,1P,R. Struick,,,Dewa United,Normal Goal,1621307
05/09/2026,Liga 1 Indonesia,2026/2027,Pusamania Borneo,Persija,45,1P,A. Jeremejeff,K. Memija,,Persija,Normal Goal,1621309
06/09/2026,Liga 1 Indonesia,2026/2027,Malut United,Garudayaksa,36,1P,Gustavo,Y. Sayuri,,Malut United,Normal Goal,1621310
06/09/2026,Liga 1 Indonesia,2026/2027,Malut United,Garudayaksa,64,2P,S. David,,,Garudayaksa,Normal Goal,1621310
06/09/2026,Liga 1 Indonesia,2026/2027,Persepam Madura Utd,Persijap,54,2P,D. Mitkov,Iran Junior,,Persepam Madura Utd,Normal Goal,1621311
06/09/2026,Liga 1 Indonesia,2026/2027,Persepam Madura Utd,Persijap,90,2P,D. Mitkov,J. Santacruz,,Persepam Madura Utd,Normal Goal,1621311
06/09/2026,Liga 1 Indonesia,2026/2027,Persib Bandung,PSM Makassar,6,1P,K. Tanaka,L. Bulatovic,,PSM Makassar,Normal Goal,1621312
06/09/2026,Liga 1 Indonesia,2026/2027,Persib Bandung,PSM Makassar,48,2P,P. Matricardi,T. Haye,,Persib Bandung,Normal Goal,1621312
06/09/2026,Liga 1 Indonesia,2026/2027,Persib Bandung,PSM Makassar,51,2P,B. Sekulic,A. Alis,,Persib Bandung,Normal Goal,1621312
06/09/2026,Liga 1 Indonesia,2026/2027,Persib Bandung,PSM Makassar,82,2P,Uilliam,L. Menalo,,Persib Bandung,Normal Goal,1621312
21/08/2026,Super League Malasia,2026/2027,Johor Darul Takzim FC,Kuching FA,11,1P,Marcos Guilherme,,,Johor Darul Takzim FC,Normal Goal,1601116
21/08/2026,Super League Malasia,2026/2027,Johor Darul Takzim FC,Kuching FA,55,2P,O. Arribas,,,Johor Darul Takzim FC,Normal Goal,1601116
21/08/2026,Super League Malasia,2026/2027,Johor Darul Takzim FC,Kuching FA,86,2P,S. Zahedi,,,Johor Darul Takzim FC,Normal Goal,1601116
22/08/2026,Super League Malasia,2026/2027,Terengganu,Melaka,12,1P,G. Kastaneer,,,Terengganu,Normal Goal,1601119
22/08/2026,Super League Malasia,2026/2027,Terengganu,Melaka,45,1P,V. Ruiz,,,Terengganu,Normal Goal,1601119
22/08/2026,Super League Malasia,2026/2027,Terengganu,Melaka,80,2P,G. Kastaneer,,,Terengganu,Normal Goal,1601119
22/08/2026,Super League Malasia,2026/2027,Kelantan Red Warrior FC,Selangor,18,1P,Chrigor Moraes,,,Selangor,Normal Goal,1601118
22/08/2026,Super League Malasia,2026/2027,Kelantan Red Warrior FC,Selangor,27,1P,F. Halim,,,Selangor,Normal Goal,1601118
22/08/2026,Super League Malasia,2026/2027,Kelantan Red Warrior FC,Selangor,49,2P,F. Halim,,,Selangor,Normal Goal,1601118
22/08/2026,Super League Malasia,2026/2027,Kelantan Red Warrior FC,Selangor,60,2P,P. D. Musa,,,Kelantan Red Warrior FC,Normal Goal,1601118
22/08/2026,Super League Malasia,2026/2027,Kelantan Red Warrior FC,Selangor,75,2P,Chrigor Moraes,,,Selangor,Normal Goal,1601118
23/08/2026,Super League Malasia,2026/2027,Penang,DPMM FC Brunei,63,2P,M. Oliveira,Dalberto,,DPMM FC Brunei,Normal Goal,1601120
24/08/2026,Super League Malasia,2026/2027,Sabah FA,Imigresen,26,1P,D. Ingham,F. Zulkifi,,Sabah FA,Normal Goal,1601121
24/08/2026,Super League Malasia,2026/2027,Sabah FA,Imigresen,29,1P,Rafael Vitor,Z. Arifin,,Imigresen,Normal Goal,1601121
24/08/2026,Super League Malasia,2026/2027,Sabah FA,Imigresen,89,2P,D. Lok,F. Danel,,Sabah FA,Normal Goal,1601121
24/08/2026,Super League Malasia,2026/2027,Sabah FA,Imigresen,90,2P,Park Jung-Bin,F. Zulkifi,,Sabah FA,Normal Goal,1601121
26/08/2026,Super League Malasia,2026/2027,Johor Darul Takzim FC,Kelantan Red Warrior FC,2,1P,S. Zahedi,,,Johor Darul Takzim FC,Normal Goal,1601146
26/08/2026,Super League Malasia,2026/2027,Johor Darul Takzim FC,Kelantan Red Warrior FC,37,1P,S. Zahedi,A. Aiman,,Johor Darul Takzim FC,Normal Goal,1601146
26/08/2026,Super League Malasia,2026/2027,Johor Darul Takzim FC,Kelantan Red Warrior FC,45,1P,M. Faudzi,,,Johor Darul Takzim FC,Own Goal,1601146
26/08/2026,Super League Malasia,2026/2027,Johor Darul Takzim FC,Kelantan Red Warrior FC,49,2P,Jairo,M. Hidalgo,,Johor Darul Takzim FC,Normal Goal,1601146
26/08/2026,Super League Malasia,2026/2027,Johor Darul Takzim FC,Kelantan Red Warrior FC,50,2P,S. Zahedi,N. Mendez,,Johor Darul Takzim FC,Normal Goal,1601146
26/08/2026,Super League Malasia,2026/2027,Johor Darul Takzim FC,Kelantan Red Warrior FC,61,2P,S. Zahedi,A. Fazail,,Johor Darul Takzim FC,Normal Goal,1601146
26/08/2026,Super League Malasia,2026/2027,Johor Darul Takzim FC,Kelantan Red Warrior FC,78,2P,M. Nahuel,A. Aiman,,Johor Darul Takzim FC,Normal Goal,1601146
26/08/2026,Super League Malasia,2026/2027,Johor Darul Takzim FC,Kelantan Red Warrior FC,81,2P,E. Israfilov,A. Aiman,,Johor Darul Takzim FC,Normal Goal,1601146
26/08/2026,Super League Malasia,2026/2027,Johor Darul Takzim FC,Kelantan Red Warrior FC,89,2P,A. Aiman,A. Fazail,,Johor Darul Takzim FC,Normal Goal,1601146
26/08/2026,Super League Malasia,2026/2027,Kuala Lumpur FA,Kuching FA,3,1P,A. Mujagic,P. Shitembi,,Kuching FA,Normal Goal,1601147
26/08/2026,Super League Malasia,2026/2027,Kuala Lumpur FA,Kuching FA,25,1P,J. Mpacko Etame,J. Okwuosa,,Kuching FA,Normal Goal,1601147
26/08/2026,Super League Malasia,2026/2027,Kuala Lumpur FA,Kuching FA,48,2P,J. Mpacko Etame,A. Farhan,,Kuching FA,Normal Goal,1601147
26/08/2026,Super League Malasia,2026/2027,Kuala Lumpur FA,Kuching FA,52,2P,J. Mpacko Etame,,,Kuching FA,Normal Goal,1601147
26/08/2026,Super League Malasia,2026/2027,Kuala Lumpur FA,Kuching FA,59,2P,A. Mujagic,D. Wenzel-Halls,,Kuching FA,Normal Goal,1601147
26/08/2026,Super League Malasia,2026/2027,Kuala Lumpur FA,Kuching FA,90,2P,J. Mpacko Etame,J. Pedro,,Kuching FA,Normal Goal,1601147
28/08/2026,Super League Malasia,2026/2027,Sabah FA,Penang,40,1P,G. Di Renzo,Cifu,,Sabah FA,Normal Goal,1601122
28/08/2026,Super League Malasia,2026/2027,Sabah FA,Penang,53,2P,H. Tokyo,F. Zulkifi,,Sabah FA,Normal Goal,1601122
28/08/2026,Super League Malasia,2026/2027,Terengganu,Selangor,59,2P,K. Tejan,,,Selangor,Normal Goal,1601123
28/08/2026,Super League Malasia,2026/2027,Terengganu,Selangor,63,2P,Chrigor Moraes,,,Selangor,Normal Goal,1601123
28/08/2026,Super League Malasia,2026/2027,Terengganu,Selangor,90,2P,Chrigor Moraes,,,Selangor,Normal Goal,1601123
29/08/2026,Super League Malasia,2026/2027,Kelantan Red Warrior FC,Kuching FA,7,1P,R. Saifullah,P. Shitembi,,Kuching FA,Normal Goal,1601126
29/08/2026,Super League Malasia,2026/2027,Kelantan Red Warrior FC,Kuching FA,15,1P,J. Mpacko Etame,P. Shitembi,,Kuching FA,Normal Goal,1601126
29/08/2026,Super League Malasia,2026/2027,Kelantan Red Warrior FC,Kuching FA,45,1P,S. Rasid,,,Kuching FA,Normal Goal,1601126
29/08/2026,Super League Malasia,2026/2027,Kelantan Red Warrior FC,Kuching FA,54,2P,J. Mpacko Etame,F. Anyie,,Kuching FA,Normal Goal,1601126
29/08/2026,Super League Malasia,2026/2027,Kelantan Red Warrior FC,Kuching FA,56,2P,S. Rasid,J. Mpacko Etame,,Kuching FA,Normal Goal,1601126
29/08/2026,Super League Malasia,2026/2027,Kuala Lumpur FA,DPMM FC Brunei,90,2P,Paulo Josue,K. Azizi,,Kuala Lumpur FA,Normal Goal,1601124
29/08/2026,Super League Malasia,2026/2027,Johor Darul Takzim FC,Imigresen,17,1P,Bergson,S. Zahedi,,Johor Darul Takzim FC,Normal Goal,1601125
29/08/2026,Super League Malasia,2026/2027,Johor Darul Takzim FC,Imigresen,31,1P,Marcos Guilherme,Bergson,,Johor Darul Takzim FC,Normal Goal,1601125
29/08/2026,Super League Malasia,2026/2027,Johor Darul Takzim FC,Imigresen,37,1P,Bergson,,,Johor Darul Takzim FC,Normal Goal,1601125
29/08/2026,Super League Malasia,2026/2027,Johor Darul Takzim FC,Imigresen,42,1P,K. Medina,A. Aiman,,Johor Darul Takzim FC,Normal Goal,1601125
29/08/2026,Super League Malasia,2026/2027,Johor Darul Takzim FC,Imigresen,45,1P,S. Zahedi,A. Aiman,,Johor Darul Takzim FC,Normal Goal,1601125
29/08/2026,Super League Malasia,2026/2027,Johor Darul Takzim FC,Imigresen,68,2P,C. Akapo,Jairo,,Johor Darul Takzim FC,Normal Goal,1601125
29/08/2026,Super League Malasia,2026/2027,Johor Darul Takzim FC,Imigresen,77,2P,Bergson,,,Johor Darul Takzim FC,Penalty,1601125
30/08/2026,Super League Malasia,2026/2027,Melaka,Negeri Sembilan,20,1P,Y. Minagawa,,,Negeri Sembilan,Normal Goal,1601127
30/08/2026,Super League Malasia,2026/2027,Melaka,Negeri Sembilan,33,1P,N. Agbre,,,Melaka,Normal Goal,1601127
30/08/2026,Super League Malasia,2026/2027,Melaka,Negeri Sembilan,90,2P,Christian,,,Melaka,Normal Goal,1601127
04/09/2026,Super League Malasia,2026/2027,Johor Darul Takzim FC,DPMM FC Brunei,38,1P,Bergson,,,Johor Darul Takzim FC,Normal Goal,1601128
04/09/2026,Super League Malasia,2026/2027,Johor Darul Takzim FC,DPMM FC Brunei,40,1P,Bergson,A. Aiman,,Johor Darul Takzim FC,Normal Goal,1601128
04/09/2026,Super League Malasia,2026/2027,Johor Darul Takzim FC,DPMM FC Brunei,77,2P,Stoichkov,L. Corbin-Ong,,Johor Darul Takzim FC,Normal Goal,1601128
04/09/2026,Super League Malasia,2026/2027,Kelantan Red Warrior FC,Kuala Lumpur FA,44,1P,P. D. Musa,E. Mbarga,,Kelantan Red Warrior FC,Normal Goal,1601129
04/09/2026,Super League Malasia,2026/2027,Kelantan Red Warrior FC,Kuala Lumpur FA,51,2P,A. Azlin,G. Gallifuoco,,Kuala Lumpur FA,Normal Goal,1601129
04/09/2026,Super League Malasia,2026/2027,Kelantan Red Warrior FC,Kuala Lumpur FA,57,2P,Paulo Josue,,,Kuala Lumpur FA,Normal Goal,1601129
04/09/2026,Super League Malasia,2026/2027,Kelantan Red Warrior FC,Kuala Lumpur FA,81,2P,Paulo Josue,,,Kuala Lumpur FA,Normal Goal,1601129
05/09/2026,Super League Malasia,2026/2027,Negeri Sembilan,Imigresen,39,1P,Pedro Henrique,,,Imigresen,Normal Goal,1601130
05/09/2026,Super League Malasia,2026/2027,Negeri Sembilan,Imigresen,47,2P,M. Atede,,,Imigresen,Normal Goal,1601130
05/09/2026,Super League Malasia,2026/2027,Negeri Sembilan,Imigresen,77,2P,A. Rashid,,,Negeri Sembilan,Penalty,1601130
05/09/2026,Super League Malasia,2026/2027,Negeri Sembilan,Imigresen,90,2P,A. Rashid,,,Negeri Sembilan,Normal Goal,1601130
05/09/2026,Super League Malasia,2026/2027,Sabah FA,Kuching FA,5,1P,A. Mujagic,,,Kuching FA,Normal Goal,1601131
05/09/2026,Super League Malasia,2026/2027,Sabah FA,Kuching FA,21,1P,A. Mujagic,,,Kuching FA,Normal Goal,1601131
06/09/2026,Super League Malasia,2026/2027,Selangor,Melaka,12,1P,Chrigor Moraes,,,Selangor,Normal Goal,1601133
06/09/2026,Super League Malasia,2026/2027,Selangor,Melaka,51,2P,Chrigor Moraes,,,Selangor,Normal Goal,1601133
06/09/2026,Super League Malasia,2026/2027,Selangor,Melaka,59,2P,S. Abdul Rashid,,,Melaka,Normal Goal,1601133
06/09/2026,Super League Malasia,2026/2027,Selangor,Melaka,75,2P,Do Dong-Hyeon,,,Melaka,Normal Goal,1601133
06/09/2026,Super League Malasia,2026/2027,Selangor,Melaka,90,2P,J. Tabinas,,,Selangor,Normal Goal,1601133
25/07/2026,Ligat HaAl Israel,2026/2027,Maccabi Haifa,Hapoel Haifa,31,1P,Y. Gonen,,,Hapoel Haifa,Normal Goal,1557933
25/07/2026,Ligat HaAl Israel,2026/2027,Maccabi Haifa,Hapoel Haifa,33,1P,N. Sztejfman,,,Hapoel Haifa,Own Goal,1557933
25/07/2026,Ligat HaAl Israel,2026/2027,Maccabi Haifa,Hapoel Haifa,57,2P,A. Turgeman,,,Hapoel Haifa,Normal Goal,1557933
25/07/2026,Ligat HaAl Israel,2026/2027,Maccabi Haifa,Hapoel Haifa,75,2P,I. Khalaili,,,Maccabi Haifa,Normal Goal,1557933
25/07/2026,Ligat HaAl Israel,2026/2027,Maccabi Haifa,Hapoel Haifa,79,2P,E. Azoulay,,,Maccabi Haifa,Normal Goal,1557933
25/07/2026,Ligat HaAl Israel,2026/2027,Hapoel Petah Tikva,Maccabi Petah Tikva,89,2P,N. Cohen,,,Hapoel Petah Tikva,Normal Goal,1557931
25/07/2026,Ligat HaAl Israel,2026/2027,Maccabi Netanya,Hapoel Katamon,10,1P,B. Zaarura,,,Maccabi Netanya,Normal Goal,1557934
25/07/2026,Ligat HaAl Israel,2026/2027,Maccabi Netanya,Hapoel Katamon,23,1P,I. Dappa,,,Hapoel Katamon,Normal Goal,1557934
25/07/2026,Ligat HaAl Israel,2026/2027,Maccabi Netanya,Hapoel Katamon,29,1P,O. Bilu,,,Maccabi Netanya,Normal Goal,1557934
25/07/2026,Ligat HaAl Israel,2026/2027,Maccabi Netanya,Hapoel Katamon,75,2P,Y. Abuhazira,,,Maccabi Netanya,Normal Goal,1557934
25/07/2026,Ligat HaAl Israel,2026/2027,Ironi Tiberias,Bnei Sakhnin,36,1P,I. Abu Abaid,,,Bnei Sakhnin,Normal Goal,1557932
25/07/2026,Ligat HaAl Israel,2026/2027,Ironi Tiberias,Bnei Sakhnin,75,2P,R. Unger,,,Ironi Tiberias,Normal Goal,1557932
25/07/2026,Ligat HaAl Israel,2026/2027,Ironi Tiberias,Bnei Sakhnin,77,2P,M. Badjie,,,Ironi Tiberias,Normal Goal,1557932
28/07/2026,Ligat HaAl Israel,2026/2027,Hapoel Haifa,Ironi Tiberias,8,1P,A. Turgeman,,,Hapoel Haifa,Normal Goal,1557935
28/07/2026,Ligat HaAl Israel,2026/2027,Hapoel Haifa,Ironi Tiberias,30,1P,Q. Ghanem,,,Ironi Tiberias,Normal Goal,1557935
28/07/2026,Ligat HaAl Israel,2026/2027,Hapoel Haifa,Ironi Tiberias,32,1P,A. Turgeman,,,Hapoel Haifa,Normal Goal,1557935
28/07/2026,Ligat HaAl Israel,2026/2027,Hapoel Haifa,Ironi Tiberias,76,2P,W. Habiballah,,,Hapoel Haifa,Normal Goal,1557935
28/07/2026,Ligat HaAl Israel,2026/2027,Ironi Kiryat Shmona,Maccabi Haifa,7,1P,N. Gabay,,,Ironi Kiryat Shmona,Normal Goal,1557937
28/07/2026,Ligat HaAl Israel,2026/2027,Ironi Kiryat Shmona,Maccabi Haifa,23,1P,A. Sagna,,,Ironi Kiryat Shmona,Normal Goal,1557937
28/07/2026,Ligat HaAl Israel,2026/2027,Ironi Kiryat Shmona,Maccabi Haifa,33,1P,A. Sheratzky,,,Ironi Kiryat Shmona,Normal Goal,1557937
29/07/2026,Ligat HaAl Israel,2026/2027,Maccabi Petah Tikva,Maccabi Netanya,31,1P,B. Zaarura,,,Maccabi Netanya,Normal Goal,1557938
29/07/2026,Ligat HaAl Israel,2026/2027,Maccabi Petah Tikva,Maccabi Netanya,41,1P,J. Cortes,,,Maccabi Petah Tikva,Normal Goal,1557938
29/07/2026,Ligat HaAl Israel,2026/2027,Maccabi Petah Tikva,Maccabi Netanya,52,2P,Matheus Davo,,,Maccabi Netanya,Normal Goal,1557938
29/07/2026,Ligat HaAl Israel,2026/2027,Hapoel Ramat Gan,Hapoel Petah Tikva,20,1P,S. Mazal,,,Hapoel Petah Tikva,Normal Goal,1557936
29/07/2026,Ligat HaAl Israel,2026/2027,Hapoel Ramat Gan,Hapoel Petah Tikva,65,2P,I. Baranes,,,Hapoel Ramat Gan,Normal Goal,1557936
29/07/2026,Ligat HaAl Israel,2026/2027,Hapoel Ramat Gan,Hapoel Petah Tikva,86,2P,Luan,,,Hapoel Ramat Gan,Normal Goal,1557936
01/08/2026,Ligat HaAl Israel,2026/2027,Bnei Sakhnin,Hapoel Haifa,35,1P,A. Turgeman,,,Hapoel Haifa,Normal Goal,1557939
01/08/2026,Ligat HaAl Israel,2026/2027,Bnei Sakhnin,Hapoel Haifa,90,2P,M. Cudjoe,,,Bnei Sakhnin,Normal Goal,1557939
01/08/2026,Ligat HaAl Israel,2026/2027,Bnei Sakhnin,Hapoel Haifa,90,2P,M. Hamad,,,Hapoel Haifa,Normal Goal,1557939
01/08/2026,Ligat HaAl Israel,2026/2027,Ironi Tiberias,Ironi Kiryat Shmona,61,2P,R. Abdullazada,,,Ironi Kiryat Shmona,Normal Goal,1557941
02/08/2026,Ligat HaAl Israel,2026/2027,Hapoel Katamon,Maccabi Petah Tikva,48,2P,V. Damascan,,,Hapoel Katamon,Normal Goal,1557940
02/08/2026,Ligat HaAl Israel,2026/2027,Maccabi Netanya,Hapoel Ramat Gan,34,1P,Luan,,,Hapoel Ramat Gan,Normal Goal,1557942
02/08/2026,Ligat HaAl Israel,2026/2027,Maccabi Netanya,Hapoel Ramat Gan,39,1P,Matheus Davo,,,Maccabi Netanya,Normal Goal,1557942
02/08/2026,Ligat HaAl Israel,2026/2027,Maccabi Netanya,Hapoel Ramat Gan,53,2P,D. Asanka,,,Hapoel Ramat Gan,Normal Goal,1557942
02/08/2026,Ligat HaAl Israel,2026/2027,Maccabi Netanya,Hapoel Ramat Gan,61,2P,M. Plakushchenko,,,Hapoel Ramat Gan,Penalty,1557942
02/08/2026,Ligat HaAl Israel,2026/2027,Maccabi Netanya,Hapoel Ramat Gan,87,2P,Matheus Davo,,,Maccabi Netanya,Normal Goal,1557942
04/08/2026,Ligat HaAl Israel,2026/2027,Ironi Kiryat Shmona,Bnei Sakhnin,51,2P,A. Ugarriza,,,Ironi Kiryat Shmona,Penalty,1557945
04/08/2026,Ligat HaAl Israel,2026/2027,Maccabi Haifa,Ironi Tiberias,18,1P,Bruninho,,,Maccabi Haifa,Normal Goal,1557946
04/08/2026,Ligat HaAl Israel,2026/2027,Maccabi Haifa,Ironi Tiberias,34,1P,N. Chen,,,Maccabi Haifa,Own Goal,1557946
04/08/2026,Ligat HaAl Israel,2026/2027,Maccabi Haifa,Ironi Tiberias,44,1P,E. Azoulay,,,Maccabi Haifa,Normal Goal,1557946
04/08/2026,Ligat HaAl Israel,2026/2027,Maccabi Haifa,Ironi Tiberias,45,1P,Q. Ghanem,,,Ironi Tiberias,Normal Goal,1557946
04/08/2026,Ligat HaAl Israel,2026/2027,Maccabi Haifa,Ironi Tiberias,58,2P,Q. Ghanem,,,Ironi Tiberias,Normal Goal,1557946
04/08/2026,Ligat HaAl Israel,2026/2027,Maccabi Haifa,Ironi Tiberias,86,2P,Silva Kani,,,Maccabi Haifa,Normal Goal,1557946
05/08/2026,Ligat HaAl Israel,2026/2027,Hapoel Petah Tikva,Maccabi Netanya,7,1P,D. Hugi,,,Maccabi Netanya,Normal Goal,1557943
05/08/2026,Ligat HaAl Israel,2026/2027,Hapoel Petah Tikva,Maccabi Netanya,78,2P,Matheus Davo,,,Maccabi Netanya,Normal Goal,1557943
05/08/2026,Ligat HaAl Israel,2026/2027,Hapoel Ramat Gan,Hapoel Katamon,10,1P,M. Diab,,,Hapoel Katamon,Normal Goal,1557944
05/08/2026,Ligat HaAl Israel,2026/2027,Hapoel Ramat Gan,Hapoel Katamon,45,1P,O. Ovadia,,,Hapoel Ramat Gan,Normal Goal,1557944
05/08/2026,Ligat HaAl Israel,2026/2027,Hapoel Ramat Gan,Hapoel Katamon,86,2P,A. Idoko,,,Hapoel Katamon,Normal Goal,1557944
05/08/2026,Ligat HaAl Israel,2026/2027,Hapoel Ramat Gan,Hapoel Katamon,90,2P,A. Tzur,,,Hapoel Ramat Gan,Normal Goal,1557944
08/08/2026,Ligat HaAl Israel,2026/2027,Hapoel Haifa,Ironi Kiryat Shmona,33,1P,L. Rotman,,,Hapoel Haifa,Normal Goal,1557947
08/08/2026,Ligat HaAl Israel,2026/2027,Hapoel Haifa,Ironi Kiryat Shmona,64,2P,A. Ugarriza,,,Ironi Kiryat Shmona,Penalty,1557947
08/08/2026,Ligat HaAl Israel,2026/2027,Hapoel Haifa,Ironi Kiryat Shmona,66,2P,A. Sheratzky,,,Ironi Kiryat Shmona,Normal Goal,1557947
08/08/2026,Ligat HaAl Israel,2026/2027,Hapoel Haifa,Ironi Kiryat Shmona,90,2P,S. Sabah,,,Ironi Kiryat Shmona,Normal Goal,1557947
08/08/2026,Ligat HaAl Israel,2026/2027,Bnei Sakhnin,Maccabi Haifa,54,2P,Silva Kani,,,Maccabi Haifa,Normal Goal,1557950
09/08/2026,Ligat HaAl Israel,2026/2027,Hapoel Katamon,Hapoel Petah Tikva,75,2P,I. Dappa,,,Hapoel Katamon,Normal Goal,1557948
09/08/2026,Ligat HaAl Israel,2026/2027,Hapoel Katamon,Hapoel Petah Tikva,83,2P,A. Cohen,,,Hapoel Petah Tikva,Normal Goal,1557948
09/08/2026,Ligat HaAl Israel,2026/2027,Hapoel Katamon,Hapoel Petah Tikva,86,2P,Y. Nassar,,,Hapoel Katamon,Own Goal,1557948
09/08/2026,Ligat HaAl Israel,2026/2027,Hapoel Katamon,Hapoel Petah Tikva,88,2P,I. Dappa,,,Hapoel Katamon,Normal Goal,1557948
09/08/2026,Ligat HaAl Israel,2026/2027,Maccabi Petah Tikva,Hapoel Ramat Gan,63,2P,S. Owusu,,,Maccabi Petah Tikva,Normal Goal,1557949
09/08/2026,Ligat HaAl Israel,2026/2027,Maccabi Petah Tikva,Hapoel Ramat Gan,74,2P,L. Hazan,,,Maccabi Petah Tikva,Normal Goal,1557949
09/08/2026,Ligat HaAl Israel,2026/2027,Maccabi Petah Tikva,Hapoel Ramat Gan,84,2P,A. Tzur,,,Hapoel Ramat Gan,Normal Goal,1557949
15/08/2026,Ligat HaAl Israel,2026/2027,Bnei Sakhnin,Hapoel Petah Tikva,50,2P,M. Cudjoe,,,Bnei Sakhnin,Normal Goal,1620657
15/08/2026,Ligat HaAl Israel,2026/2027,Ironi Tiberias,Maccabi Petah Tikva,48,2P,L. Hazan,,,Maccabi Petah Tikva,Normal Goal,1620656
15/08/2026,Ligat HaAl Israel,2026/2027,Ironi Tiberias,Maccabi Petah Tikva,79,2P,I. Cohen,,,Maccabi Petah Tikva,Normal Goal,1620656
15/08/2026,Ligat HaAl Israel,2026/2027,Ironi Tiberias,Maccabi Petah Tikva,84,2P,J. Cortes,,,Maccabi Petah Tikva,Normal Goal,1620656
15/08/2026,Ligat HaAl Israel,2026/2027,Hapoel Haifa,Hapoel Beer Sheva,29,1P,S. Elias,,,Hapoel Haifa,Normal Goal,1620655
15/08/2026,Ligat HaAl Israel,2026/2027,Hapoel Haifa,Hapoel Beer Sheva,33,1P,L. Rotman,,,Hapoel Haifa,Normal Goal,1620655
15/08/2026,Ligat HaAl Israel,2026/2027,Hapoel Haifa,Hapoel Beer Sheva,52,2P,A. Turgeman,,,Hapoel Haifa,Normal Goal,1620655
15/08/2026,Ligat HaAl Israel,2026/2027,Hapoel Haifa,Hapoel Beer Sheva,67,2P,L. Rotman,N. Sabag,,Hapoel Haifa,Normal Goal,1620655
16/08/2026,Ligat HaAl Israel,2026/2027,Maccabi Netanya,Maccabi Tel Aviv,17,1P,H. Varela,D. Peretz,,Maccabi Tel Aviv,Normal Goal,1620659
16/08/2026,Ligat HaAl Israel,2026/2027,Ironi Kiryat Shmona,Hapoel Tel Aviv,6,1P,A. Ugarriza,S. David,,Ironi Kiryat Shmona,Normal Goal,1620658
16/08/2026,Ligat HaAl Israel,2026/2027,Ironi Kiryat Shmona,Hapoel Tel Aviv,90,2P,D. Dappa,,,Hapoel Tel Aviv,Normal Goal,1620658
16/08/2026,Ligat HaAl Israel,2026/2027,Ironi Kiryat Shmona,Hapoel Tel Aviv,90,2P,D. Dappa,,,Hapoel Tel Aviv,Normal Goal,1620658
17/08/2026,Ligat HaAl Israel,2026/2027,Maccabi Haifa,Hapoel Katamon,60,2P,I. Dappa,,,Hapoel Katamon,Normal Goal,1620661
18/07/2026,Ligat HaAl Israel,2026/2027,BEITAR JERUSALEM,HAPOEL TEL AVIV,19,1P,Chico,,,HAPOEL TEL AVIV,Normal Goal,1557930
18/07/2026,Ligat HaAl Israel,2026/2027,BEITAR JERUSALEM,HAPOEL TEL AVIV,23,1P,J. Kalu,,,BEITAR JERUSALEM,Normal Goal,1557930
18/07/2026,Ligat HaAl Israel,2026/2027,BEITAR JERUSALEM,HAPOEL TEL AVIV,75,2P,S. Weissman,,,BEITAR JERUSALEM,Penalty,1557930
18/07/2026,Ligat HaAl Israel,2026/2027,BEITAR JERUSALEM,HAPOEL TEL AVIV,90,2P,,,,BEITAR JERUSALEM,Missed Penalty,1557930
18/07/2026,Ligat HaAl Israel,2026/2027,BEITAR JERUSALEM,HAPOEL TEL AVIV,90,2P,,,,BEITAR JERUSALEM,Missed Penalty,1557930
18/07/2026,Ligat HaAl Israel,2026/2027,BEITAR JERUSALEM,HAPOEL TEL AVIV,90,2P,,,,HAPOEL TEL AVIV,Missed Penalty,1557930
18/07/2026,Ligat HaAl Israel,2026/2027,BEITAR JERUSALEM,HAPOEL TEL AVIV,90,2P,,,,BEITAR JERUSALEM,Missed Penalty,1557930
18/07/2026,Ligat HaAl Israel,2026/2027,BEITAR JERUSALEM,HAPOEL TEL AVIV,90,2P,D. Dappa,,,HAPOEL TEL AVIV,Normal Goal,1557930
17/08/2026,Ligat HaAl Israel,2026/2027,HAPOEL RAMAT GAN,BEITAR JERUSALEM,9,1P,L. Gadrani,,,BEITAR JERUSALEM,Normal Goal,1620660
17/08/2026,Ligat HaAl Israel,2026/2027,HAPOEL RAMAT GAN,BEITAR JERUSALEM,14,1P,D. Asanka,,,HAPOEL RAMAT GAN,Normal Goal,1620660
17/08/2026,Ligat HaAl Israel,2026/2027,HAPOEL RAMAT GAN,BEITAR JERUSALEM,27,1P,E. Ansah,,,BEITAR JERUSALEM,Normal Goal,1620660
17/08/2026,Ligat HaAl Israel,2026/2027,HAPOEL RAMAT GAN,BEITAR JERUSALEM,58,2P,S. Mijailovic,,,HAPOEL RAMAT GAN,Normal Goal,1620660
17/08/2026,Ligat HaAl Israel,2026/2027,HAPOEL RAMAT GAN,BEITAR JERUSALEM,90,2P,M. Semel,,,HAPOEL RAMAT GAN,Normal Goal,1620660
17/08/2026,Ligat HaAl Israel,2026/2027,HAPOEL RAMAT GAN,BEITAR JERUSALEM,90,2P,N. Markovitch,,,BEITAR JERUSALEM,Normal Goal,1620660
17/08/2026,Ligat HaAl Israel,2026/2027,HAPOEL RAMAT GAN,BEITAR JERUSALEM,90,2P,Z. Ben Shimol,Z. Ben Shimol,,BEITAR JERUSALEM,Missed Penalty,1620660
17/08/2026,Ligat HaAl Israel,2026/2027,HAPOEL RAMAT GAN,BEITAR JERUSALEM,120,2P,M. Semel,,,HAPOEL RAMAT GAN,Penalty,1620660
17/08/2026,Ligat HaAl Israel,2026/2027,HAPOEL RAMAT GAN,BEITAR JERUSALEM,120,2P,N. Shedo,,,BEITAR JERUSALEM,Penalty,1620660
17/08/2026,Ligat HaAl Israel,2026/2027,HAPOEL RAMAT GAN,BEITAR JERUSALEM,120,2P,I. Oli,,,HAPOEL RAMAT GAN,Missed Penalty,1620660
17/08/2026,Ligat HaAl Israel,2026/2027,HAPOEL RAMAT GAN,BEITAR JERUSALEM,120,2P,N. Antwi,,,BEITAR JERUSALEM,Penalty,1620660
17/08/2026,Ligat HaAl Israel,2026/2027,HAPOEL RAMAT GAN,BEITAR JERUSALEM,120,2P,M. Noubissi,,,HAPOEL RAMAT GAN,Penalty,1620660
17/08/2026,Ligat HaAl Israel,2026/2027,HAPOEL RAMAT GAN,BEITAR JERUSALEM,120,2P,N. Markovitch,,,BEITAR JERUSALEM,Penalty,1620660
17/08/2026,Ligat HaAl Israel,2026/2027,HAPOEL RAMAT GAN,BEITAR JERUSALEM,120,2P,T. Glazer,,,HAPOEL RAMAT GAN,Penalty,1620660
17/08/2026,Ligat HaAl Israel,2026/2027,HAPOEL RAMAT GAN,BEITAR JERUSALEM,120,2P,L. Deri,,,BEITAR JERUSALEM,Penalty,1620660
17/08/2026,Ligat HaAl Israel,2026/2027,HAPOEL RAMAT GAN,BEITAR JERUSALEM,120,2P,D. Asanka,,,HAPOEL RAMAT GAN,Penalty,1620660
17/08/2026,Ligat HaAl Israel,2026/2027,HAPOEL RAMAT GAN,BEITAR JERUSALEM,120,2P,O. Dahan,,,BEITAR JERUSALEM,Penalty,1620660
