Date,League,HomeTeam,AwayTeam,jugador,equipo,minutos,fixture_id
15/08/2026,LaLiga Hypermotion,OVIEDO,GRANADA CF,Aarón Escandell,OVIEDO,90.0,1569880
15/08/2026,LaLiga Hypermotion,OVIEDO,GRANADA CF,Nacho Vidal,OVIEDO,63.0,1569880
15/08/2026,LaLiga Hypermotion,OVIEDO,GRANADA CF,David Costas,OVIEDO,90.0,1569880
15/08/2026,LaLiga Hypermotion,OVIEDO,GRANADA CF,Dani Calvo,OVIEDO,90.0,1569880
15/08/2026,LaLiga Hypermotion,OVIEDO,GRANADA CF,Samu Rodríguez,OVIEDO,62.0,1569880
15/08/2026,LaLiga Hypermotion,OVIEDO,GRANADA CF,Alberto Reina,OVIEDO,90.0,1569880
15/08/2026,LaLiga Hypermotion,OVIEDO,GRANADA CF,Youness Lachhab,OVIEDO,81.0,1569880
15/08/2026,LaLiga Hypermotion,OVIEDO,GRANADA CF,Pablo Sáenz,OVIEDO,70.0,1569880
15/08/2026,LaLiga Hypermotion,OVIEDO,GRANADA CF,Daniel Villahermosa,OVIEDO,90.0,1569880
15/08/2026,LaLiga Hypermotion,OVIEDO,GRANADA CF,Jacobo González,OVIEDO,81.0,1569880
15/08/2026,LaLiga Hypermotion,OVIEDO,GRANADA CF,Chris Ramos,OVIEDO,90.0,1569880
15/08/2026,LaLiga Hypermotion,OVIEDO,GRANADA CF,Juan Cruz,OVIEDO,28.0,1569880
15/08/2026,LaLiga Hypermotion,OVIEDO,GRANADA CF,Aisar Ahmed,OVIEDO,27.0,1569880
15/08/2026,LaLiga Hypermotion,OVIEDO,GRANADA CF,Alexandru Ișfan,OVIEDO,20.0,1569880
15/08/2026,LaLiga Hypermotion,OVIEDO,GRANADA CF,Enzo Pérez,OVIEDO,9.0,1569880
15/08/2026,LaLiga Hypermotion,OVIEDO,GRANADA CF,Víctor Mingo,OVIEDO,9.0,1569880
15/08/2026,LaLiga Hypermotion,OVIEDO,GRANADA CF,Miguel Narvaez,OVIEDO,0.0,1569880
15/08/2026,LaLiga Hypermotion,OVIEDO,GRANADA CF,Carlos Domínguez,OVIEDO,0.0,1569880
15/08/2026,LaLiga Hypermotion,OVIEDO,GRANADA CF,Diego Menendez,OVIEDO,0.0,1569880
15/08/2026,LaLiga Hypermotion,OVIEDO,GRANADA CF,Raúl Lizoain,GRANADA CF,90.0,1569880
15/08/2026,LaLiga Hypermotion,OVIEDO,GRANADA CF,Sergio López,GRANADA CF,70.0,1569880
15/08/2026,LaLiga Hypermotion,OVIEDO,GRANADA CF,Manuel Lama,GRANADA CF,90.0,1569880
15/08/2026,LaLiga Hypermotion,OVIEDO,GRANADA CF,Bourama Dembelé,GRANADA CF,90.0,1569880
15/08/2026,LaLiga Hypermotion,OVIEDO,GRANADA CF,Baïla Diallo,GRANADA CF,90.0,1569880
15/08/2026,LaLiga Hypermotion,OVIEDO,GRANADA CF,Pedro Alemañ,GRANADA CF,57.0,1569880
15/08/2026,LaLiga Hypermotion,OVIEDO,GRANADA CF,Rubén Alcaraz,GRANADA CF,90.0,1569880
15/08/2026,LaLiga Hypermotion,OVIEDO,GRANADA CF,Gerard Gumbau,GRANADA CF,90.0,1569880
15/08/2026,LaLiga Hypermotion,OVIEDO,GRANADA CF,Sergio Rodelas,GRANADA CF,70.0,1569880
15/08/2026,LaLiga Hypermotion,OVIEDO,GRANADA CF,Chinaza Onouha,GRANADA CF,57.0,1569880
15/08/2026,LaLiga Hypermotion,OVIEDO,GRANADA CF,José Manuel Arnáiz,GRANADA CF,78.0,1569880
15/08/2026,LaLiga Hypermotion,OVIEDO,GRANADA CF,Jorge Pascual,GRANADA CF,33.0,1569880
15/08/2026,LaLiga Hypermotion,OVIEDO,GRANADA CF,Alejandro Marqués,GRANADA CF,33.0,1569880
15/08/2026,LaLiga Hypermotion,OVIEDO,GRANADA CF,Oscar Naasei,GRANADA CF,20.0,1569880
15/08/2026,LaLiga Hypermotion,OVIEDO,GRANADA CF,Owen Emeka,GRANADA CF,20.0,1569880
15/08/2026,LaLiga Hypermotion,OVIEDO,GRANADA CF,Abdoul Kader Bamba,GRANADA CF,12.0,1569880
15/08/2026,LaLiga Hypermotion,OVIEDO,GRANADA CF,Alberto Flores,GRANADA CF,0.0,1569880
15/08/2026,LaLiga Hypermotion,OVIEDO,GRANADA CF,Diego Hormigo,GRANADA CF,0.0,1569880
15/08/2026,LaLiga Hypermotion,OVIEDO,GRANADA CF,Juanjo Flores,GRANADA CF,0.0,1569880
15/08/2026,LaLiga Hypermotion,OVIEDO,GRANADA CF,Diego Pampín,GRANADA CF,0.0,1569880
15/08/2026,LaLiga Hypermotion,OVIEDO,GRANADA CF,Ángelo García Hidalgo,GRANADA CF,0.0,1569880
15/08/2026,LaLiga Hypermotion,OVIEDO,GRANADA CF,Mario Jimenez Gambin,GRANADA CF,0.0,1569880
15/08/2026,LaLiga Hypermotion,OVIEDO,GRANADA CF,Dylan Rodríguez,GRANADA CF,0.0,1569880
15/08/2026,LaLiga Hypermotion,CADIZ,CELTA DE VIGO II,Jokin Ezkieta,CADIZ,90.0,1569874
15/08/2026,LaLiga Hypermotion,CADIZ,CELTA DE VIGO II,Juan Díaz,CADIZ,90.0,1569874
15/08/2026,LaLiga Hypermotion,CADIZ,CELTA DE VIGO II,Javi Castro,CADIZ,90.0,1569874
15/08/2026,LaLiga Hypermotion,CADIZ,CELTA DE VIGO II,Noah Ukwuije,CADIZ,89.0,1569874
15/08/2026,LaLiga Hypermotion,CADIZ,CELTA DE VIGO II,Manuel Rivera,CADIZ,63.0,1569874
15/08/2026,LaLiga Hypermotion,CADIZ,CELTA DE VIGO II,Rominigue Kouamé,CADIZ,63.0,1569874
15/08/2026,LaLiga Hypermotion,CADIZ,CELTA DE VIGO II,Damián Rodríguez,CADIZ,90.0,1569874
15/08/2026,LaLiga Hypermotion,CADIZ,CELTA DE VIGO II,Ibon Sánchez,CADIZ,63.0,1569874
15/08/2026,LaLiga Hypermotion,CADIZ,CELTA DE VIGO II,Jose Antonio de la Rosa,CADIZ,70.0,1569874
15/08/2026,LaLiga Hypermotion,CADIZ,CELTA DE VIGO II,Urko Izeta,CADIZ,90.0,1569874
15/08/2026,LaLiga Hypermotion,CADIZ,CELTA DE VIGO II,Antonio Cordero,CADIZ,90.0,1569874
15/08/2026,LaLiga Hypermotion,CADIZ,CELTA DE VIGO II,Roberto Rosado,CADIZ,27.0,1569874
15/08/2026,LaLiga Hypermotion,CADIZ,CELTA DE VIGO II,Joaquín González,CADIZ,27.0,1569874
15/08/2026,LaLiga Hypermotion,CADIZ,CELTA DE VIGO II,Borja Vázquez,CADIZ,27.0,1569874
15/08/2026,LaLiga Hypermotion,CADIZ,CELTA DE VIGO II,Suso,CADIZ,20.0,1569874
15/08/2026,LaLiga Hypermotion,CADIZ,CELTA DE VIGO II,Bojan Kovačević,CADIZ,1.0,1569874
15/08/2026,LaLiga Hypermotion,CADIZ,CELTA DE VIGO II,David Gil,CADIZ,0.0,1569874
15/08/2026,LaLiga Hypermotion,CADIZ,CELTA DE VIGO II,Beñat de Jesús,CADIZ,0.0,1569874
15/08/2026,LaLiga Hypermotion,CADIZ,CELTA DE VIGO II,Kenan Toibibou,CADIZ,0.0,1569874
15/08/2026,LaLiga Hypermotion,CADIZ,CELTA DE VIGO II,Iker Recio,CADIZ,0.0,1569874
15/08/2026,LaLiga Hypermotion,CADIZ,CELTA DE VIGO II,Dilan Zárate,CADIZ,0.0,1569874
15/08/2026,LaLiga Hypermotion,CADIZ,CELTA DE VIGO II,Vladyslav Kopotun,CADIZ,0.0,1569874
15/08/2026,LaLiga Hypermotion,CADIZ,CELTA DE VIGO II,Alvaro Garcia-Pascual,CADIZ,0.0,1569874
15/08/2026,LaLiga Hypermotion,CADIZ,CELTA DE VIGO II,Coke Carrillo,CELTA DE VIGO II,90.0,1569874
15/08/2026,LaLiga Hypermotion,CADIZ,CELTA DE VIGO II,Kike Ribes,CELTA DE VIGO II,90.0,1569874
15/08/2026,LaLiga Hypermotion,CADIZ,CELTA DE VIGO II,Pablo Gonzalez Meixus,CELTA DE VIGO II,90.0,1569874
15/08/2026,LaLiga Hypermotion,CADIZ,CELTA DE VIGO II,Joel Lopez Salguero,CELTA DE VIGO II,61.0,1569874
15/08/2026,LaLiga Hypermotion,CADIZ,CELTA DE VIGO II,Pablo Gavian,CELTA DE VIGO II,90.0,1569874
15/08/2026,LaLiga Hypermotion,CADIZ,CELTA DE VIGO II,Adrià Capdevila,CELTA DE VIGO II,78.0,1569874
15/08/2026,LaLiga Hypermotion,CADIZ,CELTA DE VIGO II,Hugo Burcio,CELTA DE VIGO II,90.0,1569874
15/08/2026,LaLiga Hypermotion,CADIZ,CELTA DE VIGO II,Germain Miller,CELTA DE VIGO II,45.0,1569874
15/08/2026,LaLiga Hypermotion,CADIZ,CELTA DE VIGO II,Aldrine Kibet,CELTA DE VIGO II,45.0,1569874
15/08/2026,LaLiga Hypermotion,CADIZ,CELTA DE VIGO II,Angel Arcos,CELTA DE VIGO II,90.0,1569874
15/08/2026,LaLiga Hypermotion,CADIZ,CELTA DE VIGO II,Álvaro Marín,CELTA DE VIGO II,61.0,1569874
15/08/2026,LaLiga Hypermotion,CADIZ,CELTA DE VIGO II,Anxo Rodríguez,CELTA DE VIGO II,45.0,1569874
15/08/2026,LaLiga Hypermotion,CADIZ,CELTA DE VIGO II,Andrés Antañón,CELTA DE VIGO II,45.0,1569874
15/08/2026,LaLiga Hypermotion,CADIZ,CELTA DE VIGO II,Jan Oliveras,CELTA DE VIGO II,29.0,1569874
15/08/2026,LaLiga Hypermotion,CADIZ,CELTA DE VIGO II,Bernard Somuah,CELTA DE VIGO II,29.0,1569874
15/08/2026,LaLiga Hypermotion,CADIZ,CELTA DE VIGO II,Oscar Marcos,CELTA DE VIGO II,12.0,1569874
15/08/2026,LaLiga Hypermotion,CADIZ,CELTA DE VIGO II,Marcos González,CELTA DE VIGO II,0.0,1569874
15/08/2026,LaLiga Hypermotion,CADIZ,CELTA DE VIGO II,Caio Barone,CELTA DE VIGO II,0.0,1569874
15/08/2026,LaLiga Hypermotion,CADIZ,CELTA DE VIGO II,Alexis Olmedo,CELTA DE VIGO II,0.0,1569874
15/08/2026,LaLiga Hypermotion,CADIZ,CELTA DE VIGO II,Seyni Mbaye Ndiaye,CELTA DE VIGO II,0.0,1569874
15/08/2026,LaLiga Hypermotion,CADIZ,CELTA DE VIGO II,Mateo Sobral,CELTA DE VIGO II,0.0,1569874
15/08/2026,LaLiga Hypermotion,CADIZ,CELTA DE VIGO II,Hugo Cuenca,CELTA DE VIGO II,0.0,1569874
15/08/2026,LaLiga Hypermotion,CADIZ,CELTA DE VIGO II,Angel Davila Outerelo,CELTA DE VIGO II,0.0,1569874
23/08/2026,LaLiga Hypermotion,CASTELLON,SABADELL,Romain Matthys,CASTELLON,90.0,1569883
23/08/2026,LaLiga Hypermotion,CASTELLON,SABADELL,Juanjo Nieto,CASTELLON,68.0,1569883
23/08/2026,LaLiga Hypermotion,CASTELLON,SABADELL,Jeremy Mellot,CASTELLON,90.0,1569883
23/08/2026,LaLiga Hypermotion,CASTELLON,SABADELL,Alberto Jiménez,CASTELLON,90.0,1569883
23/08/2026,LaLiga Hypermotion,CASTELLON,SABADELL,Lucas Alcazar,CASTELLON,90.0,1569883
23/08/2026,LaLiga Hypermotion,CASTELLON,SABADELL,Álvaro Martín,CASTELLON,54.0,1569883
23/08/2026,LaLiga Hypermotion,CASTELLON,SABADELL,Diego Barri,CASTELLON,87.0,1569883
23/08/2026,LaLiga Hypermotion,CASTELLON,SABADELL,Raúl Sánchez,CASTELLON,90.0,1569883
23/08/2026,LaLiga Hypermotion,CASTELLON,SABADELL,Antonio Gala,CASTELLON,54.0,1569883
23/08/2026,LaLiga Hypermotion,CASTELLON,SABADELL,Pablo Santiago,CASTELLON,68.0,1569883
23/08/2026,LaLiga Hypermotion,CASTELLON,SABADELL,Ousmane Camara,CASTELLON,90.0,1569883
23/08/2026,LaLiga Hypermotion,CASTELLON,SABADELL,Marc-Olivier Doué,CASTELLON,36.0,1569883
23/08/2026,LaLiga Hypermotion,CASTELLON,SABADELL,Francisco Castillo,CASTELLON,36.0,1569883
23/08/2026,LaLiga Hypermotion,CASTELLON,SABADELL,Israel Suero,CASTELLON,22.0,1569883
23/08/2026,LaLiga Hypermotion,CASTELLON,SABADELL,Rodrigo Rego,CASTELLON,22.0,1569883
23/08/2026,LaLiga Hypermotion,CASTELLON,SABADELL,Alvaro Garcia,CASTELLON,3.0,1569883
23/08/2026,LaLiga Hypermotion,CASTELLON,SABADELL,Amir Saipi,CASTELLON,0.0,1569883
23/08/2026,LaLiga Hypermotion,CASTELLON,SABADELL,Agustín Sienra,CASTELLON,0.0,1569883
23/08/2026,LaLiga Hypermotion,CASTELLON,SABADELL,Michał  Willmann,CASTELLON,0.0,1569883
23/08/2026,LaLiga Hypermotion,CASTELLON,SABADELL,Hamza Bellari,CASTELLON,0.0,1569883
23/08/2026,LaLiga Hypermotion,CASTELLON,SABADELL,Jari Vlak,CASTELLON,0.0,1569883
23/08/2026,LaLiga Hypermotion,CASTELLON,SABADELL,Íñigo Cordoba,CASTELLON,0.0,1569883
23/08/2026,LaLiga Hypermotion,CASTELLON,SABADELL,David Nzanza,CASTELLON,0.0,1569883
23/08/2026,LaLiga Hypermotion,CASTELLON,SABADELL,Diego Fuoli,SABADELL,90.0,1569883
23/08/2026,LaLiga Hypermotion,CASTELLON,SABADELL,Ton Ripoll,SABADELL,81.0,1569883
23/08/2026,LaLiga Hypermotion,CASTELLON,SABADELL,Oscar Sanz Naval,SABADELL,90.0,1569883
23/08/2026,LaLiga Hypermotion,CASTELLON,SABADELL,Edgar González,SABADELL,90.0,1569883
23/08/2026,LaLiga Hypermotion,CASTELLON,SABADELL,Arthur Bonaldo,SABADELL,68.0,1569883
23/08/2026,LaLiga Hypermotion,CASTELLON,SABADELL,Miki Codina,SABADELL,68.0,1569883
23/08/2026,LaLiga Hypermotion,CASTELLON,SABADELL,Quadri Liameed,SABADELL,90.0,1569883
23/08/2026,LaLiga Hypermotion,CASTELLON,SABADELL,Albert Orriols,SABADELL,90.0,1569883
23/08/2026,LaLiga Hypermotion,CASTELLON,SABADELL,Pere Pons,SABADELL,68.0,1569883
23/08/2026,LaLiga Hypermotion,CASTELLON,SABADELL,Nicholas Gioacchini,SABADELL,58.0,1569883
23/08/2026,LaLiga Hypermotion,CASTELLON,SABADELL,Joel Priego,SABADELL,90.0,1569883
23/08/2026,LaLiga Hypermotion,CASTELLON,SABADELL,Gaston Valles,SABADELL,32.0,1569883
23/08/2026,LaLiga Hypermotion,CASTELLON,SABADELL,Jose Luis Catala,SABADELL,22.0,1569883
23/08/2026,LaLiga Hypermotion,CASTELLON,SABADELL,Xavi Moreno,SABADELL,22.0,1569883
23/08/2026,LaLiga Hypermotion,CASTELLON,SABADELL,Eneko Aguilar,SABADELL,22.0,1569883
23/08/2026,LaLiga Hypermotion,CASTELLON,SABADELL,Yanis Rahmani,SABADELL,9.0,1569883
23/08/2026,LaLiga Hypermotion,CASTELLON,SABADELL,Manel Estévez Rubio,SABADELL,0.0,1569883
23/08/2026,LaLiga Hypermotion,CASTELLON,SABADELL,José Ortega,SABADELL,0.0,1569883
23/08/2026,LaLiga Hypermotion,CASTELLON,SABADELL,Kaiser,SABADELL,0.0,1569883
23/08/2026,LaLiga Hypermotion,CASTELLON,SABADELL,Miguelete,SABADELL,0.0,1569883
23/08/2026,LaLiga Hypermotion,CASTELLON,SABADELL,Agustín Coscia,SABADELL,0.0,1569883
23/08/2026,LaLiga Hypermotion,CASTELLON,SABADELL,Nikolay Obolskiy,SABADELL,0.0,1569883
15/08/2026,Championship,SHEFFIELD UTD,BIRMINGHAM,Michael Cooper,SHEFFIELD UTD,90.0,1563091
15/08/2026,Championship,SHEFFIELD UTD,BIRMINGHAM,Femi Seriki,SHEFFIELD UTD,90.0,1563091
15/08/2026,Championship,SHEFFIELD UTD,BIRMINGHAM,Japhet Tanganga,SHEFFIELD UTD,90.0,1563091
15/08/2026,Championship,SHEFFIELD UTD,BIRMINGHAM,Mark McGuinness,SHEFFIELD UTD,90.0,1563091
15/08/2026,Championship,SHEFFIELD UTD,BIRMINGHAM,Sam McCallum,SHEFFIELD UTD,77.0,1563091
15/08/2026,Championship,SHEFFIELD UTD,BIRMINGHAM,Joe Rothwell,SHEFFIELD UTD,67.0,1563091
15/08/2026,Championship,SHEFFIELD UTD,BIRMINGHAM,Sydie Peck,SHEFFIELD UTD,90.0,1563091
15/08/2026,Championship,SHEFFIELD UTD,BIRMINGHAM,Romelle Donovan,SHEFFIELD UTD,60.0,1563091
15/08/2026,Championship,SHEFFIELD UTD,BIRMINGHAM,Callum O'Hare,SHEFFIELD UTD,90.0,1563091
15/08/2026,Championship,SHEFFIELD UTD,BIRMINGHAM,Patrick Bamford,SHEFFIELD UTD,77.0,1563091
15/08/2026,Championship,SHEFFIELD UTD,BIRMINGHAM,Thomas Cannon,SHEFFIELD UTD,60.0,1563091
15/08/2026,Championship,SHEFFIELD UTD,BIRMINGHAM,Tahith Chong,SHEFFIELD UTD,30.0,1563091
15/08/2026,Championship,SHEFFIELD UTD,BIRMINGHAM,Tyrese Campbell,SHEFFIELD UTD,30.0,1563091
15/08/2026,Championship,SHEFFIELD UTD,BIRMINGHAM,Oliver Arblaster,SHEFFIELD UTD,23.0,1563091
15/08/2026,Championship,SHEFFIELD UTD,BIRMINGHAM,Harrison Burrows,SHEFFIELD UTD,13.0,1563091
15/08/2026,Championship,SHEFFIELD UTD,BIRMINGHAM,Ryan One,SHEFFIELD UTD,13.0,1563091
15/08/2026,Championship,SHEFFIELD UTD,BIRMINGHAM,Adam Davies,SHEFFIELD UTD,0.0,1563091
15/08/2026,Championship,SHEFFIELD UTD,BIRMINGHAM,Jamal Baptiste,SHEFFIELD UTD,0.0,1563091
15/08/2026,Championship,SHEFFIELD UTD,BIRMINGHAM,Matt Doherty,SHEFFIELD UTD,0.0,1563091
15/08/2026,Championship,SHEFFIELD UTD,BIRMINGHAM,Jaïro Riedewald,SHEFFIELD UTD,0.0,1563091
15/08/2026,Championship,SHEFFIELD UTD,BIRMINGHAM,James Beadle,BIRMINGHAM,90.0,1563091
15/08/2026,Championship,SHEFFIELD UTD,BIRMINGHAM,Bright Osayi-Samuel,BIRMINGHAM,90.0,1563091
15/08/2026,Championship,SHEFFIELD UTD,BIRMINGHAM,Phil Neumann,BIRMINGHAM,90.0,1563091
15/08/2026,Championship,SHEFFIELD UTD,BIRMINGHAM,Christoph Klarer,BIRMINGHAM,90.0,1563091
15/08/2026,Championship,SHEFFIELD UTD,BIRMINGHAM,Alex Cochrane,BIRMINGHAM,90.0,1563091
15/08/2026,Championship,SHEFFIELD UTD,BIRMINGHAM,Tomoki Iwata,BIRMINGHAM,90.0,1563091
15/08/2026,Championship,SHEFFIELD UTD,BIRMINGHAM,Jhon Solís,BIRMINGHAM,90.0,1563091
15/08/2026,Championship,SHEFFIELD UTD,BIRMINGHAM,Carlos Vicente,BIRMINGHAM,87.0,1563091
15/08/2026,Championship,SHEFFIELD UTD,BIRMINGHAM,Seung Ho Paik,BIRMINGHAM,80.0,1563091
15/08/2026,Championship,SHEFFIELD UTD,BIRMINGHAM,Jay Stansfield,BIRMINGHAM,74.0,1563091
15/08/2026,Championship,SHEFFIELD UTD,BIRMINGHAM,August Priske,BIRMINGHAM,87.0,1563091
15/08/2026,Championship,SHEFFIELD UTD,BIRMINGHAM,Demarai Gray,BIRMINGHAM,16.0,1563091
15/08/2026,Championship,SHEFFIELD UTD,BIRMINGHAM,Max Bird,BIRMINGHAM,10.0,1563091
15/08/2026,Championship,SHEFFIELD UTD,BIRMINGHAM,Ethan Laird,BIRMINGHAM,8.0,1563091
15/08/2026,Championship,SHEFFIELD UTD,BIRMINGHAM,Luis Vázquez,BIRMINGHAM,8.0,1563091
15/08/2026,Championship,SHEFFIELD UTD,BIRMINGHAM,Ryan Allsop,BIRMINGHAM,0.0,1563091
15/08/2026,Championship,SHEFFIELD UTD,BIRMINGHAM,Dael Fry,BIRMINGHAM,0.0,1563091
15/08/2026,Championship,SHEFFIELD UTD,BIRMINGHAM,Kristoffer Lund,BIRMINGHAM,0.0,1563091
15/08/2026,Championship,SHEFFIELD UTD,BIRMINGHAM,Kanya Fujimoto,BIRMINGHAM,0.0,1563091
15/08/2026,Championship,SHEFFIELD UTD,BIRMINGHAM,Patrick Roberts,BIRMINGHAM,0.0,1563091
16/05/2026,J1 League,URAWA,FC TOKYO,Shusaku Nishikawa,URAWA,90.0,1504810
16/05/2026,J1 League,URAWA,FC TOKYO,Hirokazu Ishihara,URAWA,90.0,1504810
16/05/2026,J1 League,URAWA,FC TOKYO,Yuta Miyamoto,URAWA,90.0,1504810
16/05/2026,J1 League,URAWA,FC TOKYO,Kenta Nemoto,URAWA,90.0,1504810
16/05/2026,J1 League,URAWA,FC TOKYO,Yoichi Naganuma,URAWA,90.0,1504810
16/05/2026,J1 League,URAWA,FC TOKYO,Jumpei Hayakawa,URAWA,62.0,1504810
16/05/2026,J1 League,URAWA,FC TOKYO,Kaito Yasui,URAWA,84.0,1504810
16/05/2026,J1 League,URAWA,FC TOKYO,Takuro Kaneko,URAWA,79.0,1504810
16/05/2026,J1 League,URAWA,FC TOKYO,Ryoma Watanabe,URAWA,90.0,1504810
16/05/2026,J1 League,URAWA,FC TOKYO,Matheus Sávio,URAWA,45.0,1504810
16/05/2026,J1 League,URAWA,FC TOKYO,Ado Onaiwu,URAWA,45.0,1504810
16/05/2026,J1 League,URAWA,FC TOKYO,Hiiro Komori,URAWA,45.0,1504810
16/05/2026,J1 League,URAWA,FC TOKYO,Hiroki Abe,URAWA,45.0,1504810
16/05/2026,J1 League,URAWA,FC TOKYO,Yusuke Matsuo,URAWA,28.0,1504810
16/05/2026,J1 League,URAWA,FC TOKYO,Takahiro Sekine,URAWA,11.0,1504810
16/05/2026,J1 League,URAWA,FC TOKYO,Samuel Gustafson,URAWA,10.0,1504810
16/05/2026,J1 League,URAWA,FC TOKYO,Ayumi Niekawa,URAWA,0.0,1504810
16/05/2026,J1 League,URAWA,FC TOKYO,Danilo Boza,URAWA,0.0,1504810
16/05/2026,J1 League,URAWA,FC TOKYO,Kai Shibato,URAWA,0.0,1504810
16/05/2026,J1 League,URAWA,FC TOKYO,Isaac Thelin,URAWA,0.0,1504810
16/05/2026,J1 League,URAWA,FC TOKYO,Kim Seung-gyu,FC TOKYO,90.0,1504810
16/05/2026,J1 League,URAWA,FC TOKYO,Sei Muroya,FC TOKYO,90.0,1504810
16/05/2026,J1 League,URAWA,FC TOKYO,Alexander Scholz,FC TOKYO,90.0,1504810
16/05/2026,J1 League,URAWA,FC TOKYO,Hayato Inamura,FC TOKYO,90.0,1504810
16/05/2026,J1 League,URAWA,FC TOKYO,Kein Sato,FC TOKYO,90.0,1504810
16/05/2026,J1 League,URAWA,FC TOKYO,Kento Hashimoto,FC TOKYO,90.0,1504810
16/05/2026,J1 League,URAWA,FC TOKYO,Kyota Tokiwa,FC TOKYO,88.0,1504810
16/05/2026,J1 League,URAWA,FC TOKYO,Keita Endo,FC TOKYO,70.0,1504810
16/05/2026,J1 League,URAWA,FC TOKYO,Marcelo Ryan,FC TOKYO,70.0,1504810
16/05/2026,J1 League,URAWA,FC TOKYO,Ryunosuke Sato,FC TOKYO,88.0,1504810
16/05/2026,J1 League,URAWA,FC TOKYO,Kota Tawaratsumida,FC TOKYO,20.0,1504810
16/05/2026,J1 League,URAWA,FC TOKYO,Teruhito Nakagawa,FC TOKYO,20.0,1504810
16/05/2026,J1 League,URAWA,FC TOKYO,Fuki Yamada,FC TOKYO,2.0,1504810
16/05/2026,J1 League,URAWA,FC TOKYO,Takahiro Ko,FC TOKYO,2.0,1504810
16/05/2026,J1 League,URAWA,FC TOKYO,Hayate Tanaka,FC TOKYO,0.0,1504810
16/05/2026,J1 League,URAWA,FC TOKYO,Masato Morishige,FC TOKYO,0.0,1504810
16/05/2026,J1 League,URAWA,FC TOKYO,Rio Omori,FC TOKYO,0.0,1504810
16/05/2026,J1 League,URAWA,FC TOKYO,Yuto Nagatomo,FC TOKYO,0.0,1504810
16/05/2026,J1 League,URAWA,FC TOKYO,Leon Nozawa,FC TOKYO,0.0,1504810
22/08/2026,1. Lig,BODRUM FK,MUGLASPOR,Diogo Sousa,BODRUM FK,90.0,1585711
22/08/2026,1. Lig,BODRUM FK,MUGLASPOR,Berşan Yavuzay,BODRUM FK,90.0,1585711
22/08/2026,1. Lig,BODRUM FK,MUGLASPOR,Ismail Tarim,BODRUM FK,90.0,1585711
22/08/2026,1. Lig,BODRUM FK,MUGLASPOR,Ali Aytemur,BODRUM FK,90.0,1585711
22/08/2026,1. Lig,BODRUM FK,MUGLASPOR,Emre Kaplan,BODRUM FK,66.0,1585711
22/08/2026,1. Lig,BODRUM FK,MUGLASPOR,Yusuf Sertkaya,BODRUM FK,90.0,1585711
22/08/2026,1. Lig,BODRUM FK,MUGLASPOR,Mustafa Erdilman,BODRUM FK,66.0,1585711
22/08/2026,1. Lig,BODRUM FK,MUGLASPOR,Adem Metin Türk,BODRUM FK,75.0,1585711
22/08/2026,1. Lig,BODRUM FK,MUGLASPOR,Florian Loshaj,BODRUM FK,51.0,1585711
22/08/2026,1. Lig,BODRUM FK,MUGLASPOR,Ege Bilsel,BODRUM FK,75.0,1585711
22/08/2026,1. Lig,BODRUM FK,MUGLASPOR,Ali Habeşoğlu,BODRUM FK,90.0,1585711
22/08/2026,1. Lig,BODRUM FK,MUGLASPOR,Furkan Apaydın,BODRUM FK,24.0,1585711
22/08/2026,1. Lig,BODRUM FK,MUGLASPOR,Jonathan Okita,BODRUM FK,24.0,1585711
22/08/2026,1. Lig,BODRUM FK,MUGLASPOR,Boran Başkan,BODRUM FK,15.0,1585711
22/08/2026,1. Lig,BODRUM FK,MUGLASPOR,Devrim Şahin,BODRUM FK,15.0,1585711
22/08/2026,1. Lig,BODRUM FK,MUGLASPOR,Bahri Can Tosun,BODRUM FK,0.0,1585711
22/08/2026,1. Lig,BODRUM FK,MUGLASPOR,Ali Şahin Yılmaz,BODRUM FK,0.0,1585711
22/08/2026,1. Lig,BODRUM FK,MUGLASPOR,Kartal Cengizer,BODRUM FK,0.0,1585711
22/08/2026,1. Lig,BODRUM FK,MUGLASPOR,Bilal Güven,BODRUM FK,0.0,1585711
22/08/2026,1. Lig,BODRUM FK,MUGLASPOR,Enes Koc,BODRUM FK,0.0,1585711
22/08/2026,1. Lig,BODRUM FK,MUGLASPOR,Kerem Kayaarasi,BODRUM FK,0.0,1585711
22/08/2026,1. Lig,BODRUM FK,MUGLASPOR,Ekrem Kılıçarslan,MUGLASPOR,90.0,1585711
22/08/2026,1. Lig,BODRUM FK,MUGLASPOR,Bilal Ceylan,MUGLASPOR,62.0,1585711
22/08/2026,1. Lig,BODRUM FK,MUGLASPOR,Yiğit Fidan,MUGLASPOR,90.0,1585711
22/08/2026,1. Lig,BODRUM FK,MUGLASPOR,Luis Mago,MUGLASPOR,90.0,1585711
22/08/2026,1. Lig,BODRUM FK,MUGLASPOR,Ali Barak,MUGLASPOR,90.0,1585711
22/08/2026,1. Lig,BODRUM FK,MUGLASPOR,Poyraz Efe Yıldırım,MUGLASPOR,90.0,1585711
22/08/2026,1. Lig,BODRUM FK,MUGLASPOR,Jurgen Çelhaka,MUGLASPOR,48.0,1585711
22/08/2026,1. Lig,BODRUM FK,MUGLASPOR,Ali Kaan Güneren,MUGLASPOR,83.0,1585711
22/08/2026,1. Lig,BODRUM FK,MUGLASPOR,Mamady Diarra,MUGLASPOR,67.0,1585711
22/08/2026,1. Lig,BODRUM FK,MUGLASPOR,Daniel Avramovski,MUGLASPOR,84.0,1585711
22/08/2026,1. Lig,BODRUM FK,MUGLASPOR,Yasin Uzunoglu,MUGLASPOR,62.0,1585711
22/08/2026,1. Lig,BODRUM FK,MUGLASPOR,Driton Camaj,MUGLASPOR,28.0,1585711
22/08/2026,1. Lig,BODRUM FK,MUGLASPOR,Ahmet Engin,MUGLASPOR,28.0,1585711
22/08/2026,1. Lig,BODRUM FK,MUGLASPOR,Selim Dilli,MUGLASPOR,23.0,1585711
22/08/2026,1. Lig,BODRUM FK,MUGLASPOR,Orhan Nahirci,MUGLASPOR,12.0,1585711
22/08/2026,1. Lig,BODRUM FK,MUGLASPOR,Buluthan Bulut,MUGLASPOR,11.0,1585711
22/08/2026,1. Lig,BODRUM FK,MUGLASPOR,Arel Ekinci,MUGLASPOR,0.0,1585711
22/08/2026,1. Lig,BODRUM FK,MUGLASPOR,Alihan Kazmaz,MUGLASPOR,0.0,1585711
22/08/2026,1. Lig,BODRUM FK,MUGLASPOR,Batuhan Yilmaz,MUGLASPOR,0.0,1585711
22/08/2026,1. Lig,BODRUM FK,MUGLASPOR,Ozan Sol,MUGLASPOR,0.0,1585711
22/08/2026,1. Lig,BODRUM FK,MUGLASPOR,Salem Bouajila,MUGLASPOR,0.0,1585711
23/04/2026,Allsvenskan Suecia,GAIS,MJALLBY AIF,Andreas Hermansen,GAIS,90.0,1494139
23/04/2026,Allsvenskan Suecia,GAIS,MJALLBY AIF,August Wängberg,GAIS,90.0,1494139
23/04/2026,Allsvenskan Suecia,GAIS,MJALLBY AIF,Anes Cardaklija,GAIS,90.0,1494139
23/04/2026,Allsvenskan Suecia,GAIS,MJALLBY AIF,Filip Beckman,GAIS,84.0,1494139
23/04/2026,Allsvenskan Suecia,GAIS,MJALLBY AIF,Robin Wendin Thomasson,GAIS,67.0,1494139
23/04/2026,Allsvenskan Suecia,GAIS,MJALLBY AIF,Henry Sletsjoe,GAIS,73.0,1494139
23/04/2026,Allsvenskan Suecia,GAIS,MJALLBY AIF,Joackim Fagerjord,GAIS,73.0,1494139
23/04/2026,Allsvenskan Suecia,GAIS,MJALLBY AIF,Róbert Frosti Thorkelsson,GAIS,90.0,1494139
23/04/2026,Allsvenskan Suecia,GAIS,MJALLBY AIF,Blessing Asuman Dankwa,GAIS,67.0,1494139
23/04/2026,Allsvenskan Suecia,GAIS,MJALLBY AIF,Samuel Salter,GAIS,90.0,1494139
23/04/2026,Allsvenskan Suecia,GAIS,MJALLBY AIF,Rasmus Niklasson,GAIS,90.0,1494139
23/04/2026,Allsvenskan Suecia,GAIS,MJALLBY AIF,Matteo de Brienne,GAIS,23.0,1494139
23/04/2026,Allsvenskan Suecia,GAIS,MJALLBY AIF,Max Andersson,GAIS,23.0,1494139
23/04/2026,Allsvenskan Suecia,GAIS,MJALLBY AIF,Oskar Ågren,GAIS,17.0,1494139
23/04/2026,Allsvenskan Suecia,GAIS,MJALLBY AIF,Mohamed Bawa,GAIS,17.0,1494139
23/04/2026,Allsvenskan Suecia,GAIS,MJALLBY AIF,Robin Frej,GAIS,13.0,1494139
23/04/2026,Allsvenskan Suecia,GAIS,MJALLBY AIF,Kees Sims,GAIS,0.0,1494139
23/04/2026,Allsvenskan Suecia,GAIS,MJALLBY AIF,Andrej Zovko,GAIS,0.0,1494139
23/04/2026,Allsvenskan Suecia,GAIS,MJALLBY AIF,Jonas Lindberg,GAIS,0.0,1494139
23/04/2026,Allsvenskan Suecia,GAIS,MJALLBY AIF,Lucas Hedlund,GAIS,0.0,1494139
23/04/2026,Allsvenskan Suecia,GAIS,MJALLBY AIF,Robin Wallinder,MJALLBY AIF,90.0,1494139
23/04/2026,Allsvenskan Suecia,GAIS,MJALLBY AIF,Tony Miettinen,MJALLBY AIF,90.0,1494139
23/04/2026,Allsvenskan Suecia,GAIS,MJALLBY AIF,Axel Norén,MJALLBY AIF,90.0,1494139
23/04/2026,Allsvenskan Suecia,GAIS,MJALLBY AIF,Abdullah Iqbal,MJALLBY AIF,90.0,1494139
23/04/2026,Allsvenskan Suecia,GAIS,MJALLBY AIF,Max Nielsen,MJALLBY AIF,61.0,1494139
23/04/2026,Allsvenskan Suecia,GAIS,MJALLBY AIF,Viktor Gustafson,MJALLBY AIF,83.0,1494139
23/04/2026,Allsvenskan Suecia,GAIS,MJALLBY AIF,Jesper Gustavsson,MJALLBY AIF,90.0,1494139
23/04/2026,Allsvenskan Suecia,GAIS,MJALLBY AIF,Ludvig Tidstrand,MJALLBY AIF,61.0,1494139
23/04/2026,Allsvenskan Suecia,GAIS,MJALLBY AIF,Ludwig Thorell,MJALLBY AIF,87.0,1494139
23/04/2026,Allsvenskan Suecia,GAIS,MJALLBY AIF,Jacob Bergström,MJALLBY AIF,90.0,1494139
23/04/2026,Allsvenskan Suecia,GAIS,MJALLBY AIF,Abdoulie Manneh,MJALLBY AIF,90.0,1494139
23/04/2026,Allsvenskan Suecia,GAIS,MJALLBY AIF,Timo Stavitski,MJALLBY AIF,29.0,1494139
23/04/2026,Allsvenskan Suecia,GAIS,MJALLBY AIF,Elliot Stroud,MJALLBY AIF,29.0,1494139
23/04/2026,Allsvenskan Suecia,GAIS,MJALLBY AIF,Romeo Leandersson,MJALLBY AIF,14.0,1494139
23/04/2026,Allsvenskan Suecia,GAIS,MJALLBY AIF,Olle Lindberg,MJALLBY AIF,10.0,1494139
23/04/2026,Allsvenskan Suecia,GAIS,MJALLBY AIF,Alexander Lundin,MJALLBY AIF,0.0,1494139
23/04/2026,Allsvenskan Suecia,GAIS,MJALLBY AIF,Christian Tchouante,MJALLBY AIF,0.0,1494139
23/04/2026,Allsvenskan Suecia,GAIS,MJALLBY AIF,Ludvig Svanberg,MJALLBY AIF,0.0,1494139
23/04/2026,Allsvenskan Suecia,GAIS,MJALLBY AIF,Teo Helge,MJALLBY AIF,0.0,1494139
23/04/2026,Allsvenskan Suecia,GAIS,MJALLBY AIF,Bork Bang-Kittilsen,MJALLBY AIF,0.0,1494139
17/07/2026,Allsvenskan Suecia,MJALLBY AIF,VASTERAS SK FK,Robin Wallinder,MJALLBY AIF,90.0,1494215
17/07/2026,Allsvenskan Suecia,MJALLBY AIF,VASTERAS SK FK,Axel Norén,MJALLBY AIF,90.0,1494215
17/07/2026,Allsvenskan Suecia,MJALLBY AIF,VASTERAS SK FK,Ludvig Svanberg,MJALLBY AIF,77.0,1494215
17/07/2026,Allsvenskan Suecia,MJALLBY AIF,VASTERAS SK FK,Tony Miettinen,MJALLBY AIF,90.0,1494215
17/07/2026,Allsvenskan Suecia,MJALLBY AIF,VASTERAS SK FK,Max Nielsen,MJALLBY AIF,66.0,1494215
17/07/2026,Allsvenskan Suecia,MJALLBY AIF,VASTERAS SK FK,Viktor Gustafson,MJALLBY AIF,66.0,1494215
17/07/2026,Allsvenskan Suecia,MJALLBY AIF,VASTERAS SK FK,Jesper Gustavsson,MJALLBY AIF,90.0,1494215
17/07/2026,Allsvenskan Suecia,MJALLBY AIF,VASTERAS SK FK,Elliot Stroud,MJALLBY AIF,90.0,1494215
17/07/2026,Allsvenskan Suecia,MJALLBY AIF,VASTERAS SK FK,Olle Lindberg,MJALLBY AIF,55.0,1494215
17/07/2026,Allsvenskan Suecia,MJALLBY AIF,VASTERAS SK FK,Abdoulie Manneh,MJALLBY AIF,55.0,1494215
17/07/2026,Allsvenskan Suecia,MJALLBY AIF,VASTERAS SK FK,Áki Samuelsen,MJALLBY AIF,90.0,1494215
17/07/2026,Allsvenskan Suecia,MJALLBY AIF,VASTERAS SK FK,Ali Youssef,MJALLBY AIF,35.0,1494215
17/07/2026,Allsvenskan Suecia,MJALLBY AIF,VASTERAS SK FK,Jacob Bergström,MJALLBY AIF,35.0,1494215
17/07/2026,Allsvenskan Suecia,MJALLBY AIF,VASTERAS SK FK,Villiam Granath,MJALLBY AIF,24.0,1494215
17/07/2026,Allsvenskan Suecia,MJALLBY AIF,VASTERAS SK FK,Martin Agnarsson,MJALLBY AIF,24.0,1494215
17/07/2026,Allsvenskan Suecia,MJALLBY AIF,VASTERAS SK FK,Ludvig Tidstrand,MJALLBY AIF,13.0,1494215
17/07/2026,Allsvenskan Suecia,MJALLBY AIF,VASTERAS SK FK,Alexander Lundin,MJALLBY AIF,0.0,1494215
17/07/2026,Allsvenskan Suecia,MJALLBY AIF,VASTERAS SK FK,Teo Helge,MJALLBY AIF,0.0,1494215
17/07/2026,Allsvenskan Suecia,MJALLBY AIF,VASTERAS SK FK,Romeo Leandersson,MJALLBY AIF,0.0,1494215
17/07/2026,Allsvenskan Suecia,MJALLBY AIF,VASTERAS SK FK,Bork Bang-Kittilsen,MJALLBY AIF,0.0,1494215
17/07/2026,Allsvenskan Suecia,MJALLBY AIF,VASTERAS SK FK,Elis Jäger,VASTERAS SK FK,90.0,1494215
17/07/2026,Allsvenskan Suecia,MJALLBY AIF,VASTERAS SK FK,Herman Magnusson,VASTERAS SK FK,90.0,1494215
17/07/2026,Allsvenskan Suecia,MJALLBY AIF,VASTERAS SK FK,Philip Bonde,VASTERAS SK FK,90.0,1494215
17/07/2026,Allsvenskan Suecia,MJALLBY AIF,VASTERAS SK FK,Madiou Keita,VASTERAS SK FK,62.0,1494215
17/07/2026,Allsvenskan Suecia,MJALLBY AIF,VASTERAS SK FK,Simon Gefvert,VASTERAS SK FK,90.0,1494215
17/07/2026,Allsvenskan Suecia,MJALLBY AIF,VASTERAS SK FK,Mamadou Diagne,VASTERAS SK FK,90.0,1494215
17/07/2026,Allsvenskan Suecia,MJALLBY AIF,VASTERAS SK FK,Ismet Lushaku,VASTERAS SK FK,82.0,1494215
17/07/2026,Allsvenskan Suecia,MJALLBY AIF,VASTERAS SK FK,Marcus Baggesen,VASTERAS SK FK,62.0,1494215
17/07/2026,Allsvenskan Suecia,MJALLBY AIF,VASTERAS SK FK,Karl Gunnarsson,VASTERAS SK FK,89.0,1494215
17/07/2026,Allsvenskan Suecia,MJALLBY AIF,VASTERAS SK FK,Bonaventure Lendambi,VASTERAS SK FK,82.0,1494215
17/07/2026,Allsvenskan Suecia,MJALLBY AIF,VASTERAS SK FK,Taonsa Axel,VASTERAS SK FK,90.0,1494215
17/07/2026,Allsvenskan Suecia,MJALLBY AIF,VASTERAS SK FK,Victor Wernersson,VASTERAS SK FK,28.0,1494215
17/07/2026,Allsvenskan Suecia,MJALLBY AIF,VASTERAS SK FK,Jonathan Karlsson,VASTERAS SK FK,28.0,1494215
17/07/2026,Allsvenskan Suecia,MJALLBY AIF,VASTERAS SK FK,Jonny Melvin Ljungqvist,VASTERAS SK FK,8.0,1494215
17/07/2026,Allsvenskan Suecia,MJALLBY AIF,VASTERAS SK FK,Mattias Hellisdal,VASTERAS SK FK,8.0,1494215
17/07/2026,Allsvenskan Suecia,MJALLBY AIF,VASTERAS SK FK,Jack Tagesson,VASTERAS SK FK,1.0,1494215
17/07/2026,Allsvenskan Suecia,MJALLBY AIF,VASTERAS SK FK,Anton Fagerström,VASTERAS SK FK,0.0,1494215
17/07/2026,Allsvenskan Suecia,MJALLBY AIF,VASTERAS SK FK,André Bernardini,VASTERAS SK FK,0.0,1494215
17/07/2026,Allsvenskan Suecia,MJALLBY AIF,VASTERAS SK FK,Levi Hansas,VASTERAS SK FK,0.0,1494215
17/07/2026,Allsvenskan Suecia,MJALLBY AIF,VASTERAS SK FK,Jens Magnusson,VASTERAS SK FK,0.0,1494215
20/07/2026,Allsvenskan Suecia,ORGRYTE IS,DJURGARDENS IF,Hampus Gustafsson,ORGRYTE IS,90.0,1494216
20/07/2026,Allsvenskan Suecia,ORGRYTE IS,DJURGARDENS IF,Sebastian Lagerlund,ORGRYTE IS,90.0,1494216
20/07/2026,Allsvenskan Suecia,ORGRYTE IS,DJURGARDENS IF,Mikael Dyrestam,ORGRYTE IS,90.0,1494216
20/07/2026,Allsvenskan Suecia,ORGRYTE IS,DJURGARDENS IF,Christoffer Styffe,ORGRYTE IS,90.0,1494216
20/07/2026,Allsvenskan Suecia,ORGRYTE IS,DJURGARDENS IF,Adam Andersson,ORGRYTE IS,89.0,1494216
20/07/2026,Allsvenskan Suecia,ORGRYTE IS,DJURGARDENS IF,Owen Parker-Price,ORGRYTE IS,90.0,1494216
20/07/2026,Allsvenskan Suecia,ORGRYTE IS,DJURGARDENS IF,Benjamin Laturnus,ORGRYTE IS,90.0,1494216
20/07/2026,Allsvenskan Suecia,ORGRYTE IS,DJURGARDENS IF,Anton Andreasson,ORGRYTE IS,60.0,1494216
20/07/2026,Allsvenskan Suecia,ORGRYTE IS,DJURGARDENS IF,Daniel Paulson,ORGRYTE IS,74.0,1494216
20/07/2026,Allsvenskan Suecia,ORGRYTE IS,DJURGARDENS IF,Noah Christoffersson,ORGRYTE IS,90.0,1494216
20/07/2026,Allsvenskan Suecia,ORGRYTE IS,DJURGARDENS IF,William Hofvander,ORGRYTE IS,89.0,1494216
20/07/2026,Allsvenskan Suecia,ORGRYTE IS,DJURGARDENS IF,Michael Parker,ORGRYTE IS,30.0,1494216
20/07/2026,Allsvenskan Suecia,ORGRYTE IS,DJURGARDENS IF,Jerome Tibbling Ugwo,ORGRYTE IS,16.0,1494216
20/07/2026,Allsvenskan Suecia,ORGRYTE IS,DJURGARDENS IF,William Svensson,ORGRYTE IS,1.0,1494216
20/07/2026,Allsvenskan Suecia,ORGRYTE IS,DJURGARDENS IF,Charlie Vindehall,ORGRYTE IS,1.0,1494216
20/07/2026,Allsvenskan Suecia,ORGRYTE IS,DJURGARDENS IF,Alex Rahm,ORGRYTE IS,0.0,1494216
20/07/2026,Allsvenskan Suecia,ORGRYTE IS,DJURGARDENS IF,Hampus Dahlqvist,ORGRYTE IS,0.0,1494216
20/07/2026,Allsvenskan Suecia,ORGRYTE IS,DJURGARDENS IF,William Kenndal,ORGRYTE IS,0.0,1494216
20/07/2026,Allsvenskan Suecia,ORGRYTE IS,DJURGARDENS IF,Demirel Hodžić,ORGRYTE IS,0.0,1494216
20/07/2026,Allsvenskan Suecia,ORGRYTE IS,DJURGARDENS IF,Marlon Ebietomere,ORGRYTE IS,0.0,1494216
20/07/2026,Allsvenskan Suecia,ORGRYTE IS,DJURGARDENS IF,Jacob Rinne,DJURGARDENS IF,90.0,1494216
20/07/2026,Allsvenskan Suecia,ORGRYTE IS,DJURGARDENS IF,Piotr Johansson,DJURGARDENS IF,90.0,1494216
20/07/2026,Allsvenskan Suecia,ORGRYTE IS,DJURGARDENS IF,Miro Tenho,DJURGARDENS IF,90.0,1494216
20/07/2026,Allsvenskan Suecia,ORGRYTE IS,DJURGARDENS IF,Jacob Une Larsson,DJURGARDENS IF,90.0,1494216
20/07/2026,Allsvenskan Suecia,ORGRYTE IS,DJURGARDENS IF,Max Larsson,DJURGARDENS IF,45.0,1494216
20/07/2026,Allsvenskan Suecia,ORGRYTE IS,DJURGARDENS IF,Patric Åslund,DJURGARDENS IF,61.0,1494216
20/07/2026,Allsvenskan Suecia,ORGRYTE IS,DJURGARDENS IF,Hampus Finndell,DJURGARDENS IF,61.0,1494216
20/07/2026,Allsvenskan Suecia,ORGRYTE IS,DJURGARDENS IF,Matias Siltanen,DJURGARDENS IF,90.0,1494216
20/07/2026,Allsvenskan Suecia,ORGRYTE IS,DJURGARDENS IF,Oskar Fallenius,DJURGARDENS IF,61.0,1494216
20/07/2026,Allsvenskan Suecia,ORGRYTE IS,DJURGARDENS IF,Kristian Stromland Lien,DJURGARDENS IF,80.0,1494216
20/07/2026,Allsvenskan Suecia,ORGRYTE IS,DJURGARDENS IF,Bo Åsulv Hegland,DJURGARDENS IF,90.0,1494216
20/07/2026,Allsvenskan Suecia,ORGRYTE IS,DJURGARDENS IF,Adam Stahl,DJURGARDENS IF,45.0,1494216
20/07/2026,Allsvenskan Suecia,ORGRYTE IS,DJURGARDENS IF,Jeppe Okkels,DJURGARDENS IF,29.0,1494216
20/07/2026,Allsvenskan Suecia,ORGRYTE IS,DJURGARDENS IF,Daniel Stensson,DJURGARDENS IF,29.0,1494216
20/07/2026,Allsvenskan Suecia,ORGRYTE IS,DJURGARDENS IF,Nino Žugelj,DJURGARDENS IF,29.0,1494216
20/07/2026,Allsvenskan Suecia,ORGRYTE IS,DJURGARDENS IF,Joel Asoro,DJURGARDENS IF,10.0,1494216
20/07/2026,Allsvenskan Suecia,ORGRYTE IS,DJURGARDENS IF,Filip Manojlović,DJURGARDENS IF,0.0,1494216
20/07/2026,Allsvenskan Suecia,ORGRYTE IS,DJURGARDENS IF,Carl Selfvén,DJURGARDENS IF,0.0,1494216
20/07/2026,Allsvenskan Suecia,ORGRYTE IS,DJURGARDENS IF,Alexander Andersson,DJURGARDENS IF,0.0,1494216
20/07/2026,Allsvenskan Suecia,ORGRYTE IS,DJURGARDENS IF,Ahmed Saeed,DJURGARDENS IF,0.0,1494216
27/07/2026,Allsvenskan Suecia,BK HACKEN,AIK STOCKHOLM,Andreas Linde,BK HACKEN,90.0,1494220
27/07/2026,Allsvenskan Suecia,BK HACKEN,AIK STOCKHOLM,Brice Wembangomo,BK HACKEN,84.0,1494220
27/07/2026,Allsvenskan Suecia,BK HACKEN,AIK STOCKHOLM,Harry Hilvenius,BK HACKEN,90.0,1494220
27/07/2026,Allsvenskan Suecia,BK HACKEN,AIK STOCKHOLM,Filip Helander,BK HACKEN,71.0,1494220
27/07/2026,Allsvenskan Suecia,BK HACKEN,AIK STOCKHOLM,Adam Lundqvist,BK HACKEN,90.0,1494220
27/07/2026,Allsvenskan Suecia,BK HACKEN,AIK STOCKHOLM,Simen Hestnes,BK HACKEN,90.0,1494220
27/07/2026,Allsvenskan Suecia,BK HACKEN,AIK STOCKHOLM,Abdoulaye Doumbia,BK HACKEN,90.0,1494220
27/07/2026,Allsvenskan Suecia,BK HACKEN,AIK STOCKHOLM,Julius Lindberg,BK HACKEN,79.0,1494220
27/07/2026,Allsvenskan Suecia,BK HACKEN,AIK STOCKHOLM,Mikkel Rygaard,BK HACKEN,90.0,1494220
27/07/2026,Allsvenskan Suecia,BK HACKEN,AIK STOCKHOLM,Adrian Svanback,BK HACKEN,90.0,1494220
27/07/2026,Allsvenskan Suecia,BK HACKEN,AIK STOCKHOLM,Gustav Lindgren,BK HACKEN,85.0,1494220
27/07/2026,Allsvenskan Suecia,BK HACKEN,AIK STOCKHOLM,Olle Samuelsson,BK HACKEN,19.0,1494220
27/07/2026,Allsvenskan Suecia,BK HACKEN,AIK STOCKHOLM,Sanders Ngabo,BK HACKEN,11.0,1494220
27/07/2026,Allsvenskan Suecia,BK HACKEN,AIK STOCKHOLM,Harun Ibrahim,BK HACKEN,12.0,1494220
27/07/2026,Allsvenskan Suecia,BK HACKEN,AIK STOCKHOLM,Bamir Sadiku,BK HACKEN,11.0,1494220
27/07/2026,Allsvenskan Suecia,BK HACKEN,AIK STOCKHOLM,David Andersson,BK HACKEN,0.0,1494220
27/07/2026,Allsvenskan Suecia,BK HACKEN,AIK STOCKHOLM,Leo Väisänen,BK HACKEN,0.0,1494220
27/07/2026,Allsvenskan Suecia,BK HACKEN,AIK STOCKHOLM,Pontus Dahbo,BK HACKEN,0.0,1494220
27/07/2026,Allsvenskan Suecia,BK HACKEN,AIK STOCKHOLM,David Seger,BK HACKEN,0.0,1494220
27/07/2026,Allsvenskan Suecia,BK HACKEN,AIK STOCKHOLM,Wawa Christ,BK HACKEN,0.0,1494220
27/07/2026,Allsvenskan Suecia,BK HACKEN,AIK STOCKHOLM,Kristoffer Nordfeldt,AIK STOCKHOLM,90.0,1494220
27/07/2026,Allsvenskan Suecia,BK HACKEN,AIK STOCKHOLM,Mads Døhr Thychosen,AIK STOCKHOLM,90.0,1494220
27/07/2026,Allsvenskan Suecia,BK HACKEN,AIK STOCKHOLM,Sotirios Papagiannopoulos,AIK STOCKHOLM,90.0,1494220
27/07/2026,Allsvenskan Suecia,BK HACKEN,AIK STOCKHOLM,Herve Matthys,AIK STOCKHOLM,90.0,1494220
27/07/2026,Allsvenskan Suecia,BK HACKEN,AIK STOCKHOLM,Lukas Bergquist,AIK STOCKHOLM,90.0,1494220
27/07/2026,Allsvenskan Suecia,BK HACKEN,AIK STOCKHOLM,Johan Hove,AIK STOCKHOLM,90.0,1494220
27/07/2026,Allsvenskan Suecia,BK HACKEN,AIK STOCKHOLM,Dino Beširović,AIK STOCKHOLM,90.0,1494220
27/07/2026,Allsvenskan Suecia,BK HACKEN,AIK STOCKHOLM,Amel Mujanić,AIK STOCKHOLM,45.0,1494220
27/07/2026,Allsvenskan Suecia,BK HACKEN,AIK STOCKHOLM,Taha Ayari,AIK STOCKHOLM,52.0,1494220
27/07/2026,Allsvenskan Suecia,BK HACKEN,AIK STOCKHOLM,Axel Kouame,AIK STOCKHOLM,18.0,1494220
27/07/2026,Allsvenskan Suecia,BK HACKEN,AIK STOCKHOLM,Kevin Filling,AIK STOCKHOLM,84.0,1494220
27/07/2026,Allsvenskan Suecia,BK HACKEN,AIK STOCKHOLM,Victor Andersson,AIK STOCKHOLM,72.0,1494220
27/07/2026,Allsvenskan Suecia,BK HACKEN,AIK STOCKHOLM,Linus Järeteg,AIK STOCKHOLM,45.0,1494220
27/07/2026,Allsvenskan Suecia,BK HACKEN,AIK STOCKHOLM,Abdihakin Ali,AIK STOCKHOLM,38.0,1494220
27/07/2026,Allsvenskan Suecia,BK HACKEN,AIK STOCKHOLM,Sixten Gustafsson,AIK STOCKHOLM,12.0,1494220
27/07/2026,Allsvenskan Suecia,BK HACKEN,AIK STOCKHOLM,Kalle Joelsson,AIK STOCKHOLM,0.0,1494220
27/07/2026,Allsvenskan Suecia,BK HACKEN,AIK STOCKHOLM,Wilmer Olofsson,AIK STOCKHOLM,0.0,1494220
27/07/2026,Allsvenskan Suecia,BK HACKEN,AIK STOCKHOLM,Adrian Helm,AIK STOCKHOLM,0.0,1494220
27/07/2026,Allsvenskan Suecia,BK HACKEN,AIK STOCKHOLM,Nikolaj Staykov,AIK STOCKHOLM,0.0,1494220
27/07/2026,Allsvenskan Suecia,BK HACKEN,AIK STOCKHOLM,Mohammed Shilla,AIK STOCKHOLM,0.0,1494220
23/08/2026,Allsvenskan Suecia,VASTERAS SK FK,KALMAR FF,Elis Jäger,VASTERAS SK FK,90.0,1494256
23/08/2026,Allsvenskan Suecia,VASTERAS SK FK,KALMAR FF,Herman Magnusson,VASTERAS SK FK,90.0,1494256
23/08/2026,Allsvenskan Suecia,VASTERAS SK FK,KALMAR FF,Philip Bonde,VASTERAS SK FK,90.0,1494256
23/08/2026,Allsvenskan Suecia,VASTERAS SK FK,KALMAR FF,Victor Wernersson,VASTERAS SK FK,45.0,1494256
23/08/2026,Allsvenskan Suecia,VASTERAS SK FK,KALMAR FF,Simon Gefvert,VASTERAS SK FK,90.0,1494256
23/08/2026,Allsvenskan Suecia,VASTERAS SK FK,KALMAR FF,Mattias Hellisdal,VASTERAS SK FK,89.0,1494256
23/08/2026,Allsvenskan Suecia,VASTERAS SK FK,KALMAR FF,Mamadou Diagne,VASTERAS SK FK,90.0,1494256
23/08/2026,Allsvenskan Suecia,VASTERAS SK FK,KALMAR FF,Jonathan Karlsson,VASTERAS SK FK,73.0,1494256
23/08/2026,Allsvenskan Suecia,VASTERAS SK FK,KALMAR FF,Karl Gunnarsson,VASTERAS SK FK,60.0,1494256
23/08/2026,Allsvenskan Suecia,VASTERAS SK FK,KALMAR FF,Abdelrahman Boudah,VASTERAS SK FK,60.0,1494256
23/08/2026,Allsvenskan Suecia,VASTERAS SK FK,KALMAR FF,Taonsa Axel,VASTERAS SK FK,90.0,1494256
23/08/2026,Allsvenskan Suecia,VASTERAS SK FK,KALMAR FF,Jack Tagesson,VASTERAS SK FK,45.0,1494256
23/08/2026,Allsvenskan Suecia,VASTERAS SK FK,KALMAR FF,Bonaventure Lendambi,VASTERAS SK FK,30.0,1494256
23/08/2026,Allsvenskan Suecia,VASTERAS SK FK,KALMAR FF,Jens Magnusson,VASTERAS SK FK,30.0,1494256
23/08/2026,Allsvenskan Suecia,VASTERAS SK FK,KALMAR FF,Marcus Baggesen,VASTERAS SK FK,17.0,1494256
23/08/2026,Allsvenskan Suecia,VASTERAS SK FK,KALMAR FF,Musab Abdi Mohamud,VASTERAS SK FK,1.0,1494256
23/08/2026,Allsvenskan Suecia,VASTERAS SK FK,KALMAR FF,Anton Fagerström,VASTERAS SK FK,0.0,1494256
23/08/2026,Allsvenskan Suecia,VASTERAS SK FK,KALMAR FF,Leonardo Bark,VASTERAS SK FK,0.0,1494256
23/08/2026,Allsvenskan Suecia,VASTERAS SK FK,KALMAR FF,Jonny Melvin Ljungqvist,VASTERAS SK FK,0.0,1494256
23/08/2026,Allsvenskan Suecia,VASTERAS SK FK,KALMAR FF,Levi Hansas,VASTERAS SK FK,0.0,1494256
23/08/2026,Allsvenskan Suecia,VASTERAS SK FK,KALMAR FF,Samuel Brolin,KALMAR FF,90.0,1494256
23/08/2026,Allsvenskan Suecia,VASTERAS SK FK,KALMAR FF,Victor Larsson,KALMAR FF,90.0,1494256
23/08/2026,Allsvenskan Suecia,VASTERAS SK FK,KALMAR FF,Lars Sætra,KALMAR FF,90.0,1494256
23/08/2026,Allsvenskan Suecia,VASTERAS SK FK,KALMAR FF,Alexander Almqvist,KALMAR FF,80.0,1494256
23/08/2026,Allsvenskan Suecia,VASTERAS SK FK,KALMAR FF,Sivert Engh Overby,KALMAR FF,85.0,1494256
23/08/2026,Allsvenskan Suecia,VASTERAS SK FK,KALMAR FF,Charlie Rosenqvist,KALMAR FF,90.0,1494256
23/08/2026,Allsvenskan Suecia,VASTERAS SK FK,KALMAR FF,Nassef Chourak,KALMAR FF,90.0,1494256
23/08/2026,Allsvenskan Suecia,VASTERAS SK FK,KALMAR FF,Robert Gojani,KALMAR FF,90.0,1494256
23/08/2026,Allsvenskan Suecia,VASTERAS SK FK,KALMAR FF,Charles Sagoe Jr.,KALMAR FF,90.0,1494256
23/08/2026,Allsvenskan Suecia,VASTERAS SK FK,KALMAR FF,Melker Hallberg,KALMAR FF,60.0,1494256
23/08/2026,Allsvenskan Suecia,VASTERAS SK FK,KALMAR FF,Abdussalam Magashy,KALMAR FF,60.0,1494256
23/08/2026,Allsvenskan Suecia,VASTERAS SK FK,KALMAR FF,Malcolm Stolt,KALMAR FF,30.0,1494256
23/08/2026,Allsvenskan Suecia,VASTERAS SK FK,KALMAR FF,Eskild Dall,KALMAR FF,30.0,1494256
23/08/2026,Allsvenskan Suecia,VASTERAS SK FK,KALMAR FF,Zakarias Ravik,KALMAR FF,10.0,1494256
23/08/2026,Allsvenskan Suecia,VASTERAS SK FK,KALMAR FF,Marius Söderbäck,KALMAR FF,10.0,1494256
23/08/2026,Allsvenskan Suecia,VASTERAS SK FK,KALMAR FF,Casper Andersson,KALMAR FF,0.0,1494256
23/08/2026,Allsvenskan Suecia,VASTERAS SK FK,KALMAR FF,Fabian Bjorklund,KALMAR FF,0.0,1494256
23/08/2026,Allsvenskan Suecia,VASTERAS SK FK,KALMAR FF,Emeka Nnamani,KALMAR FF,0.0,1494256
23/08/2026,NB I Hungria,KISVARDA FC,DEBRECENI VSC,Ilya  Popovich,KISVARDA FC,90.0,1560227
23/08/2026,NB I Hungria,KISVARDA FC,DEBRECENI VSC,Krisztián Nagy,KISVARDA FC,90.0,1560227
23/08/2026,NB I Hungria,KISVARDA FC,DEBRECENI VSC,Nikola Radmanovac,KISVARDA FC,90.0,1560227
23/08/2026,NB I Hungria,KISVARDA FC,DEBRECENI VSC,Martin Chlumecký,KISVARDA FC,90.0,1560227
23/08/2026,NB I Hungria,KISVARDA FC,DEBRECENI VSC,Dominik Soltész,KISVARDA FC,90.0,1560227
23/08/2026,NB I Hungria,KISVARDA FC,DEBRECENI VSC,Marko Matanović,KISVARDA FC,90.0,1560227
23/08/2026,NB I Hungria,KISVARDA FC,DEBRECENI VSC,Bogdan Melnyk,KISVARDA FC,90.0,1560227
23/08/2026,NB I Hungria,KISVARDA FC,DEBRECENI VSC,Hianga'a M'Bock,KISVARDA FC,85.0,1560227
23/08/2026,NB I Hungria,KISVARDA FC,DEBRECENI VSC,Ákos Ésik,KISVARDA FC,45.0,1560227
23/08/2026,NB I Hungria,KISVARDA FC,DEBRECENI VSC,Tonislav Yordanov,KISVARDA FC,69.0,1560227
23/08/2026,NB I Hungria,KISVARDA FC,DEBRECENI VSC,Christián Herc,KISVARDA FC,72.0,1560227
23/08/2026,NB I Hungria,KISVARDA FC,DEBRECENI VSC,Gennadiy Szikszai,KISVARDA FC,29.0,1560227
23/08/2026,NB I Hungria,KISVARDA FC,DEBRECENI VSC,Teslim Abdulateef Balogun,KISVARDA FC,21.0,1560227
23/08/2026,NB I Hungria,KISVARDA FC,DEBRECENI VSC,Anatoliy Nuriev,KISVARDA FC,18.0,1560227
23/08/2026,NB I Hungria,KISVARDA FC,DEBRECENI VSC,Levente Szőr,KISVARDA FC,11.0,1560227
23/08/2026,NB I Hungria,KISVARDA FC,DEBRECENI VSC,Marcell Kovács,KISVARDA FC,0.0,1560227
23/08/2026,NB I Hungria,KISVARDA FC,DEBRECENI VSC,Tibor Lippai,KISVARDA FC,0.0,1560227
23/08/2026,NB I Hungria,KISVARDA FC,DEBRECENI VSC,Kevin Körmendi,KISVARDA FC,0.0,1560227
23/08/2026,NB I Hungria,KISVARDA FC,DEBRECENI VSC,Bálint Oláh,KISVARDA FC,0.0,1560227
23/08/2026,NB I Hungria,KISVARDA FC,DEBRECENI VSC,Jasmin Mešanović,KISVARDA FC,0.0,1560227
23/08/2026,NB I Hungria,KISVARDA FC,DEBRECENI VSC,Maksym Ostrovka,KISVARDA FC,0.0,1560227
23/08/2026,NB I Hungria,KISVARDA FC,DEBRECENI VSC,István Soltész,KISVARDA FC,0.0,1560227
23/08/2026,NB I Hungria,KISVARDA FC,DEBRECENI VSC,Soma Novothny,KISVARDA FC,0.0,1560227
23/08/2026,NB I Hungria,KISVARDA FC,DEBRECENI VSC,Plamen Andreev,DEBRECENI VSC,90.0,1560227
23/08/2026,NB I Hungria,KISVARDA FC,DEBRECENI VSC,Gergő Tercza,DEBRECENI VSC,63.0,1560227
23/08/2026,NB I Hungria,KISVARDA FC,DEBRECENI VSC,Josua Mejías,DEBRECENI VSC,90.0,1560227
23/08/2026,NB I Hungria,KISVARDA FC,DEBRECENI VSC,Ádám Lang,DEBRECENI VSC,81.0,1560227
23/08/2026,NB I Hungria,KISVARDA FC,DEBRECENI VSC,Adrián Guerrero,DEBRECENI VSC,90.0,1560227
23/08/2026,NB I Hungria,KISVARDA FC,DEBRECENI VSC,Dávid Patai,DEBRECENI VSC,90.0,1560227
23/08/2026,NB I Hungria,KISVARDA FC,DEBRECENI VSC,Blaž Bošković,DEBRECENI VSC,90.0,1560227
23/08/2026,NB I Hungria,KISVARDA FC,DEBRECENI VSC,Csanád Vilmos Dénes,DEBRECENI VSC,90.0,1560227
23/08/2026,NB I Hungria,KISVARDA FC,DEBRECENI VSC,Balázs Dzsudzsák,DEBRECENI VSC,90.0,1560227
23/08/2026,NB I Hungria,KISVARDA FC,DEBRECENI VSC,Flórián Cibla,DEBRECENI VSC,75.0,1560227
23/08/2026,NB I Hungria,KISVARDA FC,DEBRECENI VSC,Ákos Szendrei,DEBRECENI VSC,84.0,1560227
23/08/2026,NB I Hungria,KISVARDA FC,DEBRECENI VSC,Julien Da Costa,DEBRECENI VSC,27.0,1560227
23/08/2026,NB I Hungria,KISVARDA FC,DEBRECENI VSC,Shedrach Daniel Kaye,DEBRECENI VSC,15.0,1560227
23/08/2026,NB I Hungria,KISVARDA FC,DEBRECENI VSC,Botond Vajda,DEBRECENI VSC,12.0,1560227
23/08/2026,NB I Hungria,KISVARDA FC,DEBRECENI VSC,Benedek Erdélyi,DEBRECENI VSC,0.0,1560227
23/08/2026,NB I Hungria,KISVARDA FC,DEBRECENI VSC,Dániel Póser,DEBRECENI VSC,0.0,1560227
23/08/2026,NB I Hungria,KISVARDA FC,DEBRECENI VSC,Vyacheslav Kulbachuk,DEBRECENI VSC,0.0,1560227
23/08/2026,NB I Hungria,KISVARDA FC,DEBRECENI VSC,Dávid Hermann,DEBRECENI VSC,0.0,1560227
23/08/2026,NB I Hungria,KISVARDA FC,DEBRECENI VSC,Rotem Keller,DEBRECENI VSC,0.0,1560227
23/08/2026,NB I Hungria,KISVARDA FC,DEBRECENI VSC,Máté Macsó,DEBRECENI VSC,0.0,1560227
23/08/2026,NB I Hungria,KISVARDA FC,DEBRECENI VSC,Leon Myrtaj,DEBRECENI VSC,0.0,1560227
