Date,League,Season,HomeTeam,AwayTeam,FTHG,FTAG,HTHG,HTAG,FTR,B365H,B365D,B365A,HS,AS,HST,AST,HF,AF,HC,AC,HY,AY,HR,AR,HomePasses,AwayPasses,HomeSaves,AwaySaves,HomePos,AwayPos,HS_1P,AS_1P,HST_1P,AST_1P,HF_1P,AF_1P,HC_1P,AC_1P,HY_1P,AY_1P,HR_1P,AR_1P,HomePasses_1P,AwayPasses_1P,HomePos_1P,AwayPos_1P,HS_2P,AS_2P,HST_2P,AST_2P,HF_2P,AF_2P,HC_2P,AC_2P,HY_2P,AY_2P,HR_2P,AR_2P,HomePasses_2P,AwayPasses_2P,HomePos_2P,AwayPos_2P,fixture_id
28/01/2026,Serie A Brasil,2026,INTERNACIONAL,ATLETICO PARANAENSE,0,1,0,1,A,0.0,0.0,0.0,19,6,7,2,13,11,14,1,3,1,0,0,588,242,1,5,71,29,0,0,0,0,0,0,0,0,0,0,0,0,0,0,0,0,0,0,0,0,0,0,0,0,0,0,0,0,0,0,0,0,1492116
28/01/2026,Serie A Brasil,2026,VITORIA,REMO,2,0,0,0,H,0.0,0.0,0.0,20,13,7,1,13,17,4,1,2,4,0,0,311,410,1,5,42,58,0,0,0,0,0,0,0,0,0,0,0,0,0,0,0,0,0,0,0,0,0,0,0,0,0,0,0,0,0,0,0,0,1492119
28/01/2026,Serie A Brasil,2026,CORITIBA,RB BRAGANTINO,0,1,0,0,A,0.0,0.0,0.0,8,28,2,10,9,19,1,5,1,6,1,1,187,462,9,2,29,71,0,0,0,0,0,0,0,0,0,0,0,0,0,0,0,0,0,0,0,0,0,0,0,0,0,0,0,0,0,0,0,0,1492114
28/01/2026,Serie A Brasil,2026,ATLETICO-MG,PALMEIRAS,2,2,1,1,D,0.0,0.0,0.0,15,14,2,7,14,20,5,7,4,2,0,0,383,338,5,1,52,48,0,0,0,0,0,0,0,0,0,0,0,0,0,0,0,0,0,0,0,0,0,0,0,0,0,0,0,0,0,0,0,0,1492110
28/01/2026,Serie A Brasil,2026,FLUMINENSE,GREMIO,2,1,0,0,H,0.0,0.0,0.0,10,12,6,3,13,13,3,6,1,1,0,0,490,448,2,4,52,48,0,0,0,0,0,0,0,0,0,0,0,0,0,0,0,0,0,0,0,0,0,0,0,0,0,0,0,0,0,0,0,0,1492115
28/01/2026,Serie A Brasil,2026,CORINTHIANS,BAHIA,1,2,1,2,A,0.0,0.0,0.0,17,11,5,6,14,14,4,6,3,5,0,1,470,321,4,4,59,41,0,0,0,0,0,0,0,0,0,0,0,0,0,0,0,0,0,0,0,0,0,0,0,0,0,0,0,0,0,0,0,0,1492113
28/01/2026,Serie A Brasil,2026,CHAPECOENSE-SC,SANTOS,4,2,1,1,H,0.0,0.0,0.0,8,25,4,5,10,5,1,14,2,3,0,0,281,540,3,0,34,66,0,0,0,0,0,0,0,0,0,0,0,0,0,0,0,0,0,0,0,0,0,0,0,0,0,0,0,0,0,0,0,0,1492112
29/01/2026,Serie A Brasil,2026,SAO PAULO,FLAMENGO,2,1,0,0,H,0.0,0.0,0.0,10,15,4,5,14,11,2,6,0,0,0,0,379,542,4,2,41,59,0,0,0,0,0,0,0,0,0,0,0,0,0,0,0,0,0,0,0,0,0,0,0,0,0,0,0,0,0,0,0,0,1492118
29/01/2026,Serie A Brasil,2026,MIRASSOL,VASCO DA GAMA,2,1,1,1,H,0.0,0.0,0.0,13,13,4,5,16,10,5,5,2,1,0,0,411,463,4,3,47,53,0,0,0,0,0,0,0,0,0,0,0,0,0,0,0,0,0,0,0,0,0,0,0,0,0,0,0,0,0,0,0,0,1492117
30/01/2026,Serie A Brasil,2026,BOTAFOGO,CRUZEIRO,4,0,0,0,H,0.0,0.0,0.0,10,17,5,4,10,12,3,7,1,2,0,0,380,449,4,1,46,54,0,0,0,0,0,0,0,0,0,0,0,0,0,0,0,0,0,0,0,0,0,0,0,0,0,0,0,0,0,0,0,0,1492111
04/02/2026,Serie A Brasil,2026,FLAMENGO,INTERNACIONAL,1,1,0,1,D,0.0,0.0,0.0,19,9,5,5,20,18,4,3,4,3,0,0,588,326,4,4,65,35,0,0,0,0,0,0,0,0,0,0,0,0,0,0,0,0,0,0,0,0,0,0,0,0,0,0,0,0,0,0,0,0,1492124
04/02/2026,Serie A Brasil,2026,RB BRAGANTINO,ATLETICO-MG,1,0,1,0,H,0.0,0.0,0.0,19,11,5,2,14,8,6,12,3,2,0,0,371,403,2,4,48,52,0,0,0,0,0,0,0,0,0,0,0,0,0,0,0,0,0,0,0,0,0,0,0,0,0,0,0,0,0,0,0,0,1492122
04/02/2026,Serie A Brasil,2026,SANTOS,SAO PAULO,1,1,1,0,D,0.0,0.0,0.0,12,9,3,3,15,21,7,4,5,1,0,0,394,391,2,2,51,49,0,0,0,0,0,0,0,0,0,0,0,0,0,0,0,0,0,0,0,0,0,0,0,0,0,0,0,0,0,0,0,0,1492128
04/02/2026,Serie A Brasil,2026,REMO,MIRASSOL,2,2,2,0,D,0.0,0.0,0.0,18,8,7,5,15,9,4,4,2,2,0,0,277,486,3,5,36,64,0,0,0,0,0,0,0,0,0,0,0,0,0,0,0,0,0,0,0,0,0,0,0,0,0,0,0,0,0,0,0,0,1492127
05/02/2026,Serie A Brasil,2026,PALMEIRAS,VITORIA,5,1,3,0,H,0.0,0.0,0.0,17,9,8,4,13,16,6,4,1,4,0,0,426,285,2,2,60,40,0,0,0,0,0,0,0,0,0,0,0,0,0,0,0,0,0,0,0,0,0,0,0,0,0,0,0,0,0,0,0,0,1492126
05/02/2026,Serie A Brasil,2026,GREMIO,BOTAFOGO,5,3,1,2,H,0.0,0.0,0.0,14,9,8,4,13,16,4,2,0,3,0,0,356,471,1,3,44,56,0,0,0,0,0,0,0,0,0,0,0,0,0,0,0,0,0,0,0,0,0,0,0,0,0,0,0,0,0,0,0,0,1492125
05/02/2026,Serie A Brasil,2026,BAHIA,FLUMINENSE,1,1,0,1,D,0.0,0.0,0.0,19,13,6,4,12,13,6,4,0,3,1,0,350,512,3,5,42,58,0,0,0,0,0,0,0,0,0,0,0,0,0,0,0,0,0,0,0,0,0,0,0,0,0,0,0,0,0,0,0,0,1492121
05/02/2026,Serie A Brasil,2026,VASCO DA GAMA,CHAPECOENSE-SC,1,1,0,0,D,0.0,0.0,0.0,30,7,13,1,15,11,14,0,0,0,0,0,572,289,0,10,67,33,0,0,0,0,0,0,0,0,0,0,0,0,0,0,0,0,0,0,0,0,0,0,0,0,0,0,0,0,0,0,0,0,1492129
06/02/2026,Serie A Brasil,2026,CRUZEIRO,CORITIBA,1,2,1,1,A,0.0,0.0,0.0,19,10,4,2,9,17,12,2,3,2,0,0,551,270,0,3,68,32,0,0,0,0,0,0,0,0,0,0,0,0,0,0,0,0,0,0,0,0,0,0,0,0,0,0,0,0,0,0,0,0,1492123
11/02/2026,Serie A Brasil,2026,VITORIA,FLAMENGO,1,2,0,2,A,0.0,0.0,0.0,10,6,3,2,12,21,7,2,3,4,0,0,330,438,0,2,44,56,0,0,0,0,0,0,0,0,0,0,0,0,0,0,0,0,0,0,0,0,0,0,0,0,0,0,0,0,0,0,0,0,1492139
11/02/2026,Serie A Brasil,2026,CHAPECOENSE-SC,CORITIBA,3,3,1,1,D,0.0,0.0,0.0,21,13,8,5,4,8,6,5,2,1,0,0,436,424,2,5,51,49,0,0,0,0,0,0,0,0,0,0,0,0,0,0,0,0,0,0,0,0,0,0,0,0,0,0,0,0,0,0,0,0,1492132
11/02/2026,Serie A Brasil,2026,MIRASSOL,CRUZEIRO,2,2,1,1,D,0.0,0.0,0.0,18,9,10,4,12,10,9,0,4,2,1,0,394,324,2,9,56,44,0,0,0,0,0,0,0,0,0,0,0,0,0,0,0,0,0,0,0,0,0,0,0,0,0,0,0,0,0,0,0,0,1492136
11/02/2026,Serie A Brasil,2026,ATLETICO-MG,REMO,3,3,1,1,D,0.0,0.0,0.0,18,18,8,6,10,14,6,5,0,2,0,0,483,330,3,5,59,41,0,0,0,0,0,0,0,0,0,0,0,0,0,0,0,0,0,0,0,0,0,0,0,0,0,0,0,0,0,0,0,0,1492131
12/02/2026,Serie A Brasil,2026,SAO PAULO,GREMIO,2,0,1,0,H,0.0,0.0,0.0,18,5,4,1,11,16,3,3,2,4,0,1,516,381,1,2,58,42,0,0,0,0,0,0,0,0,0,0,0,0,0,0,0,0,0,0,0,0,0,0,0,0,0,0,0,0,0,0,0,0,1492137
12/02/2026,Serie A Brasil,2026,VASCO DA GAMA,BAHIA,0,1,0,1,A,0.0,0.0,0.0,26,8,4,3,15,14,8,4,5,5,0,0,466,302,2,4,62,38,0,0,0,0,0,0,0,0,0,0,0,0,0,0,0,0,0,0,0,0,0,0,0,0,0,0,0,0,0,0,0,0,1492138
12/02/2026,Serie A Brasil,2026,ATLETICO PARANAENSE,SANTOS,2,1,1,1,H,0.0,0.0,0.0,12,10,5,5,15,15,8,2,1,3,0,0,399,307,4,3,57,43,0,0,0,0,0,0,0,0,0,0,0,0,0,0,0,0,0,0,0,0,0,0,0,0,0,0,0,0,0,0,0,0,1492130
12/02/2026,Serie A Brasil,2026,FLUMINENSE,BOTAFOGO,1,0,0,0,H,0.0,0.0,0.0,10,5,5,3,18,11,4,0,5,3,1,0,332,351,3,4,49,51,0,0,0,0,0,0,0,0,0,0,0,0,0,0,0,0,0,0,0,0,0,0,0,0,0,0,0,0,0,0,0,0,1492134
12/02/2026,Serie A Brasil,2026,CORINTHIANS,RB BRAGANTINO,2,0,0,0,H,0.0,0.0,0.0,13,9,5,4,17,24,3,3,4,4,0,0,458,292,4,3,61,39,0,0,0,0,0,0,0,0,0,0,0,0,0,0,0,0,0,0,0,0,0,0,0,0,0,0,0,0,0,0,0,0,1492133
13/02/2026,Serie A Brasil,2026,INTERNACIONAL,PALMEIRAS,1,3,1,1,A,0.0,0.0,0.0,26,11,4,7,13,8,16,4,1,1,0,0,473,302,4,3,62,38,0,0,0,0,0,0,0,0,0,0,0,0,0,0,0,0,0,0,0,0,0,0,0,0,0,0,0,0,0,0,0,0,1492135
19/02/2026,Serie A Brasil,2026,ATLETICO PARANAENSE,CORINTHIANS,0,1,0,1,A,0.0,0.0,0.0,19,4,5,1,15,10,8,0,3,4,0,0,438,355,0,4,56,44,0,0,0,0,0,0,0,0,0,0,0,0,0,0,0,0,0,0,0,0,0,0,0,0,0,0,0,0,0,0,0,0,1492120
25/02/2026,Serie A Brasil,2026,RB BRAGANTINO,ATLETICO PARANAENSE,1,1,1,0,D,0.0,0.0,0.0,7,18,3,6,18,16,2,7,5,2,2,0,249,381,5,2,39,61,0,0,0,0,0,0,0,0,0,0,0,0,0,0,0,0,0,0,0,0,0,0,0,0,0,0,0,0,0,0,0,0,1492142
25/02/2026,Serie A Brasil,2026,REMO,INTERNACIONAL,1,1,1,1,D,0.0,0.0,0.0,12,18,7,4,16,14,8,12,5,1,0,0,320,459,3,5,42,58,0,0,0,0,0,0,0,0,0,0,0,0,0,0,0,0,0,0,0,0,0,0,0,0,0,0,0,0,0,0,0,0,1492148
25/02/2026,Serie A Brasil,2026,CORITIBA,SAO PAULO,0,1,0,0,A,0.0,0.0,0.0,18,9,2,5,5,19,3,7,4,3,0,0,344,493,5,2,42,58,0,0,0,0,0,0,0,0,0,0,0,0,0,0,0,0,0,0,0,0,0,0,0,0,0,0,0,0,0,0,0,0,1492143
25/02/2026,Serie A Brasil,2026,CRUZEIRO,CORINTHIANS,1,1,1,0,D,0.0,0.0,0.0,11,4,3,2,15,14,5,3,3,3,1,0,356,385,1,2,48,52,0,0,0,0,0,0,0,0,0,0,0,0,0,0,0,0,0,0,0,0,0,0,0,0,0,0,0,0,0,0,0,0,1492144
26/02/2026,Serie A Brasil,2026,PALMEIRAS,FLUMINENSE,2,1,2,1,H,0.0,0.0,0.0,13,18,6,7,16,16,5,11,3,4,0,0,311,577,6,5,35,65,0,0,0,0,0,0,0,0,0,0,0,0,0,0,0,0,0,0,0,0,0,0,0,0,0,0,0,0,0,0,0,0,1492147
26/02/2026,Serie A Brasil,2026,GREMIO,ATLETICO-MG,2,1,0,0,H,0.0,0.0,0.0,18,8,7,2,14,5,6,3,4,1,0,1,476,282,1,5,63,37,0,0,0,0,0,0,0,0,0,0,0,0,0,0,0,0,0,0,0,0,0,0,0,0,0,0,0,0,0,0,0,0,1492146
26/02/2026,Serie A Brasil,2026,SANTOS,VASCO DA GAMA,2,1,1,1,H,0.0,0.0,0.0,8,16,4,2,19,17,5,2,1,1,0,0,311,454,1,2,41,59,0,0,0,0,0,0,0,0,0,0,0,0,0,0,0,0,0,0,0,0,0,0,0,0,0,0,0,0,0,0,0,0,1492149
11/03/2026,Serie A Brasil,2026,MIRASSOL,SANTOS,2,2,1,0,D,0.0,0.0,0.0,20,16,9,2,9,7,6,7,2,2,0,0,439,359,0,6,54,46,0,0,0,0,0,0,0,0,0,0,0,0,0,0,0,0,0,0,0,0,0,0,0,0,0,0,0,0,0,0,0,0,1492156
11/03/2026,Serie A Brasil,2026,ATLETICO-MG,INTERNACIONAL,1,0,1,0,H,0.0,0.0,0.0,7,19,3,7,16,20,2,14,2,2,0,0,285,499,7,2,35,65,0,0,0,0,0,0,0,0,0,0,0,0,0,0,0,0,0,0,0,0,0,0,0,0,0,0,0,0,0,0,0,0,1492151
11/03/2026,Serie A Brasil,2026,BAHIA,VITORIA,1,1,1,1,D,0.0,0.0,0.0,13,6,7,2,17,19,7,3,1,1,0,0,482,287,1,6,63,37,0,0,0,0,0,0,0,0,0,0,0,0,0,0,0,0,0,0,0,0,0,0,0,0,0,0,0,0,0,0,0,0,1492152
12/03/2026,Serie A Brasil,2026,FLAMENGO,CRUZEIRO,2,0,1,0,H,0.0,0.0,0.0,15,13,7,4,19,13,4,7,2,2,0,0,394,494,4,4,44,56,0,0,0,0,0,0,0,0,0,0,0,0,0,0,0,0,0,0,0,0,0,0,0,0,0,0,0,0,0,0,0,0,1492154
12/03/2026,Serie A Brasil,2026,CORINTHIANS,CORITIBA,0,2,0,1,A,0.0,0.0,0.0,11,4,1,2,15,18,8,6,2,2,0,0,552,210,0,1,73,27,0,0,0,0,0,0,0,0,0,0,0,0,0,0,0,0,0,0,0,0,0,0,0,0,0,0,0,0,0,0,0,0,1492153
12/03/2026,Serie A Brasil,2026,REMO,FLUMINENSE,0,2,0,1,A,0.0,0.0,0.0,10,15,3,7,11,14,6,4,2,1,0,0,304,659,5,3,33,67,0,0,0,0,0,0,0,0,0,0,0,0,0,0,0,0,0,0,0,0,0,0,0,0,0,0,0,0,0,0,0,0,1492157
12/03/2026,Serie A Brasil,2026,VASCO DA GAMA,PALMEIRAS,2,1,0,1,H,0.0,0.0,0.0,17,8,6,3,6,18,9,5,2,2,0,0,439,438,2,4,50,50,0,0,0,0,0,0,0,0,0,0,0,0,0,0,0,0,0,0,0,0,0,0,0,0,0,0,0,0,0,0,0,0,1492159
12/03/2026,Serie A Brasil,2026,SAO PAULO,CHAPECOENSE-SC,2,0,0,0,H,0.0,0.0,0.0,18,7,7,1,13,12,11,6,0,1,0,0,486,286,1,5,63,37,0,0,0,0,0,0,0,0,0,0,0,0,0,0,0,0,0,0,0,0,0,0,0,0,0,0,0,0,0,0,0,0,1492158
13/03/2026,Serie A Brasil,2026,GREMIO,RB BRAGANTINO,1,1,1,0,D,0.0,0.0,0.0,13,20,6,8,13,13,4,6,2,4,0,0,267,436,7,4,39,61,0,0,0,0,0,0,0,0,0,0,0,0,0,0,0,0,0,0,0,0,0,0,0,0,0,0,0,0,0,0,0,0,1492155
14/03/2026,Serie A Brasil,2026,VITORIA,ATLETICO-MG,2,0,1,0,H,0.0,0.0,0.0,9,12,4,3,18,13,4,10,2,3,0,0,244,487,3,2,33,67,0,0,0,0,0,0,0,0,0,0,0,0,0,0,0,0,0,0,0,0,0,0,0,0,0,0,0,0,0,0,0,0,1492169
14/03/2026,Serie A Brasil,2026,BOTAFOGO,FLAMENGO,0,3,0,2,A,0.0,0.0,0.0,7,18,1,6,16,10,2,4,3,2,1,0,419,578,3,1,42,58,0,0,0,0,0,0,0,0,0,0,0,0,0,0,0,0,0,0,0,0,0,0,0,0,0,0,0,0,0,0,0,0,1492160
15/03/2026,Serie A Brasil,2026,INTERNACIONAL,BAHIA,0,1,0,1,A,0.0,0.0,0.0,14,7,2,1,20,20,7,1,3,2,0,0,380,359,1,2,53,47,0,0,0,0,0,0,0,0,0,0,0,0,0,0,0,0,0,0,0,0,0,0,0,0,0,0,0,0,0,0,0,0,1492166
15/03/2026,Serie A Brasil,2026,FLUMINENSE,ATLETICO PARANAENSE,3,2,2,1,H,0.0,0.0,0.0,24,4,10,2,14,9,7,1,2,3,0,1,680,183,0,7,79,21,0,0,0,0,0,0,0,0,0,0,0,0,0,0,0,0,0,0,0,0,0,0,0,0,0,0,0,0,0,0,0,0,1492165
15/03/2026,Serie A Brasil,2026,SANTOS,CORINTHIANS,1,1,1,1,D,0.0,0.0,0.0,11,10,4,3,20,15,4,6,5,2,1,0,299,383,2,3,44,56,0,0,0,0,0,0,0,0,0,0,0,0,0,0,0,0,0,0,0,0,0,0,0,0,0,0,0,0,0,0,0,0,1492168
15/03/2026,Serie A Brasil,2026,PALMEIRAS,MIRASSOL,1,0,1,0,H,0.0,0.0,0.0,11,12,4,2,14,17,2,4,1,4,0,0,360,469,2,3,43,57,0,0,0,0,0,0,0,0,0,0,0,0,0,0,0,0,0,0,0,0,0,0,0,0,0,0,0,0,0,0,0,0,1492167
15/03/2026,Serie A Brasil,2026,CORITIBA,REMO,1,0,1,0,H,0.0,0.0,0.0,8,14,4,1,13,11,4,6,2,3,0,0,289,384,1,3,42,58,0,0,0,0,0,0,0,0,0,0,0,0,0,0,0,0,0,0,0,0,0,0,0,0,0,0,0,0,0,0,0,0,1492163
15/03/2026,Serie A Brasil,2026,CRUZEIRO,VASCO DA GAMA,3,3,1,0,D,0.0,0.0,0.0,20,15,6,7,9,11,5,4,1,2,0,1,459,315,2,3,60,40,0,0,0,0,0,0,0,0,0,0,0,0,0,0,0,0,0,0,0,0,0,0,0,0,0,0,0,0,0,0,0,0,1492164
15/03/2026,Serie A Brasil,2026,RB BRAGANTINO,SAO PAULO,1,2,1,0,A,0.0,0.0,0.0,13,4,3,3,18,13,6,4,4,4,0,0,318,328,1,2,50,50,0,0,0,0,0,0,0,0,0,0,0,0,0,0,0,0,0,0,0,0,0,0,0,0,0,0,0,0,0,0,0,0,1492161
16/03/2026,Serie A Brasil,2026,CHAPECOENSE-SC,GREMIO,1,1,1,1,D,0.0,0.0,0.0,11,13,1,4,16,10,4,5,3,3,0,0,290,574,3,0,35,65,0,0,0,0,0,0,0,0,0,0,0,0,0,0,0,0,0,0,0,0,0,0,0,0,0,0,0,0,0,0,0,0,1492162
18/03/2026,Serie A Brasil,2026,BAHIA,RB BRAGANTINO,2,0,2,0,H,0.0,0.0,0.0,15,16,9,3,15,16,7,7,3,1,0,0,457,333,3,6,57,43,0,0,0,0,0,0,0,0,0,0,0,0,0,0,0,0,0,0,0,0,0,0,0,0,0,0,0,0,0,0,0,0,1492172
18/03/2026,Serie A Brasil,2026,PALMEIRAS,BOTAFOGO,2,1,1,0,H,0.0,0.0,0.0,19,6,6,3,13,13,6,1,1,2,0,1,401,368,2,5,52,48,0,0,0,0,0,0,0,0,0,0,0,0,0,0,0,0,0,0,0,0,0,0,0,0,0,0,0,0,0,0,0,0,1492177
18/03/2026,Serie A Brasil,2026,ATLETICO PARANAENSE,CRUZEIRO,2,1,2,0,H,0.0,0.0,0.0,8,11,4,2,26,20,4,6,2,3,0,0,392,410,1,2,49,51,0,0,0,0,0,0,0,0,0,0,0,0,0,0,0,0,0,0,0,0,0,0,0,0,0,0,0,0,0,0,0,0,1492170
18/03/2026,Serie A Brasil,2026,ATLETICO-MG,SAO PAULO,1,0,0,0,H,0.0,0.0,0.0,13,12,4,3,16,17,4,1,1,1,0,0,239,584,3,3,30,70,0,0,0,0,0,0,0,0,0,0,0,0,0,0,0,0,0,0,0,0,0,0,0,0,0,0,0,0,0,0,0,0,1492171
18/03/2026,Serie A Brasil,2026,MIRASSOL,CORITIBA,0,1,0,0,A,0.0,0.0,0.0,21,14,6,4,8,11,7,2,2,2,0,0,592,275,3,6,69,31,0,0,0,0,0,0,0,0,0,0,0,0,0,0,0,0,0,0,0,0,0,0,0,0,0,0,0,0,0,0,0,0,1492176
19/03/2026,Serie A Brasil,2026,SANTOS,INTERNACIONAL,1,2,0,0,A,0.0,0.0,0.0,11,17,2,6,6,12,3,8,4,3,0,0,441,282,6,1,61,39,0,0,0,0,0,0,0,0,0,0,0,0,0,0,0,0,0,0,0,0,0,0,0,0,0,0,0,0,0,0,0,0,1492178
19/03/2026,Serie A Brasil,2026,VASCO DA GAMA,FLUMINENSE,3,2,0,1,H,0.0,0.0,0.0,16,14,6,5,9,10,5,5,2,0,0,0,400,382,3,3,52,48,0,0,0,0,0,0,0,0,0,0,0,0,0,0,0,0,0,0,0,0,0,0,0,0,0,0,0,0,0,0,0,0,1492179
19/03/2026,Serie A Brasil,2026,GREMIO,VITORIA,2,0,1,0,H,0.0,0.0,0.0,16,8,5,1,15,17,4,5,1,3,0,0,351,454,0,3,44,56,0,0,0,0,0,0,0,0,0,0,0,0,0,0,0,0,0,0,0,0,0,0,0,0,0,0,0,0,0,0,0,0,1492175
19/03/2026,Serie A Brasil,2026,FLAMENGO,REMO,3,0,1,0,H,0.0,0.0,0.0,11,7,3,1,15,11,7,2,2,2,0,0,680,365,1,0,65,35,0,0,0,0,0,0,0,0,0,0,0,0,0,0,0,0,0,0,0,0,0,0,0,0,0,0,0,0,0,0,0,0,1492174
20/03/2026,Serie A Brasil,2026,CHAPECOENSE-SC,CORINTHIANS,0,0,0,0,D,0.0,0.0,0.0,14,13,4,4,18,11,6,4,3,4,0,0,284,529,4,5,36,64,0,0,0,0,0,0,0,0,0,0,0,0,0,0,0,0,0,0,0,0,0,0,0,0,0,0,0,0,0,0,0,0,1492173
21/03/2026,Serie A Brasil,2026,RB BRAGANTINO,BOTAFOGO,1,2,1,1,A,0.0,0.0,0.0,18,8,6,3,12,9,11,6,2,3,0,0,400,287,0,5,60,40,0,0,0,0,0,0,0,0,0,0,0,0,0,0,0,0,0,0,0,0,0,0,0,0,0,0,0,0,0,0,0,0,1492181
21/03/2026,Serie A Brasil,2026,FLUMINENSE,ATLETICO-MG,1,0,1,0,H,0.0,0.0,0.0,14,14,4,5,18,15,3,2,5,5,0,0,466,362,4,3,56,44,0,0,0,0,0,0,0,0,0,0,0,0,0,0,0,0,0,0,0,0,0,0,0,0,0,0,0,0,0,0,0,0,1492184
22/03/2026,Serie A Brasil,2026,SAO PAULO,PALMEIRAS,0,1,0,1,A,0.0,0.0,0.0,2,6,0,2,13,21,10,1,3,5,0,0,544,337,1,0,63,37,0,0,0,0,0,0,0,0,0,0,0,0,0,0,0,0,0,0,0,0,0,0,0,0,0,0,0,0,0,0,0,0,1492187
22/03/2026,Serie A Brasil,2026,VASCO DA GAMA,GREMIO,2,1,2,1,H,0.0,0.0,0.0,9,10,5,3,11,4,0,2,3,1,0,0,324,548,2,3,37,63,0,0,0,0,0,0,0,0,0,0,0,0,0,0,0,0,0,0,0,0,0,0,0,0,0,0,0,0,0,0,0,0,1492188
22/03/2026,Serie A Brasil,2026,ATLETICO PARANAENSE,CORITIBA,2,0,1,0,H,0.0,0.0,0.0,6,4,4,1,11,10,7,4,0,2,0,1,367,325,1,2,53,47,0,0,0,0,0,0,0,0,0,0,0,0,0,0,0,0,0,0,0,0,0,0,0,0,0,0,0,0,0,0,0,0,1492180
22/03/2026,Serie A Brasil,2026,CRUZEIRO,SANTOS,0,0,0,0,D,0.0,0.0,0.0,8,5,3,1,18,16,6,0,2,4,0,0,478,320,1,3,61,39,0,0,0,0,0,0,0,0,0,0,0,0,0,0,0,0,0,0,0,0,0,0,0,0,0,0,0,0,0,0,0,0,1492183
22/03/2026,Serie A Brasil,2026,REMO,BAHIA,4,1,1,1,H,0.0,0.0,0.0,16,10,10,3,15,10,5,9,2,1,0,0,271,457,2,6,38,62,0,0,0,0,0,0,0,0,0,0,0,0,0,0,0,0,0,0,0,0,0,0,0,0,0,0,0,0,0,0,0,0,1492186
22/03/2026,Serie A Brasil,2026,INTERNACIONAL,CHAPECOENSE-SC,2,0,1,0,H,0.0,0.0,0.0,14,10,7,0,16,9,4,4,2,3,0,1,402,432,0,5,48,52,0,0,0,0,0,0,0,0,0,0,0,0,0,0,0,0,0,0,0,0,0,0,0,0,0,0,0,0,0,0,0,0,1492185
22/03/2026,Serie A Brasil,2026,VITORIA,MIRASSOL,1,0,1,0,H,0.0,0.0,0.0,13,16,6,3,18,8,4,5,3,3,0,0,295,437,3,5,40,60,0,0,0,0,0,0,0,0,0,0,0,0,0,0,0,0,0,0,0,0,0,0,0,0,0,0,0,0,0,0,0,0,1492189
22/03/2026,Serie A Brasil,2026,CORINTHIANS,FLAMENGO,1,1,1,1,D,0.0,0.0,0.0,12,10,2,2,21,13,6,2,2,3,0,1,416,354,1,1,54,46,0,0,0,0,0,0,0,0,0,0,0,0,0,0,0,0,0,0,0,0,0,0,0,0,0,0,0,0,0,0,0,0,1492182
29/03/2026,Serie A Brasil,2026,ATLETICO PARANAENSE,BOTAFOGO,4,1,2,1,H,0.0,0.0,0.0,11,12,8,3,15,13,1,8,2,3,0,0,352,404,2,4,46,54,0,0,0,0,0,0,0,0,0,0,0,0,0,0,0,0,0,0,0,0,0,0,0,0,0,0,0,0,0,0,0,0,1492150
01/04/2026,Serie A Brasil,2026,INTERNACIONAL,SAO PAULO,1,1,1,0,D,0.0,0.0,0.0,6,15,4,3,18,15,2,11,1,1,0,0,294,584,2,3,34,66,0,0,0,0,0,0,0,0,0,0,0,0,0,0,0,0,0,0,0,0,0,0,0,0,0,0,0,0,0,0,0,0,1492197
01/04/2026,Serie A Brasil,2026,BOTAFOGO,MIRASSOL,3,2,2,1,H,0.0,0.0,0.0,11,19,5,4,14,14,2,8,3,3,0,0,317,569,2,2,35,65,0,0,0,0,0,0,0,0,0,0,0,0,0,0,0,0,0,0,0,0,0,0,0,0,0,0,0,0,0,0,0,0,1492191
01/04/2026,Serie A Brasil,2026,BAHIA,ATLETICO PARANAENSE,3,0,2,0,H,0.0,0.0,0.0,7,12,5,4,15,19,3,1,2,2,0,0,463,418,4,2,52,48,0,0,0,0,0,0,0,0,0,0,0,0,0,0,0,0,0,0,0,0,0,0,0,0,0,0,0,0,0,0,0,0,1492190
01/04/2026,Serie A Brasil,2026,CRUZEIRO,VITORIA,3,0,3,0,H,0.0,0.0,0.0,11,4,6,1,15,12,5,6,1,3,0,0,547,369,1,2,59,41,0,0,0,0,0,0,0,0,0,0,0,0,0,0,0,0,0,0,0,0,0,0,0,0,0,0,0,0,0,0,0,0,1492195
01/04/2026,Serie A Brasil,2026,CORITIBA,VASCO DA GAMA,1,1,0,1,D,0.0,0.0,0.0,18,11,4,2,11,11,3,4,2,1,0,0,585,312,1,4,65,35,0,0,0,0,0,0,0,0,0,0,0,0,0,0,0,0,0,0,0,0,0,0,0,0,0,0,0,0,0,0,0,0,1492194
02/04/2026,Serie A Brasil,2026,FLUMINENSE,CORINTHIANS,3,1,2,0,H,0.0,0.0,0.0,20,12,10,4,10,13,8,10,1,4,0,1,526,337,3,7,60,40,0,0,0,0,0,0,0,0,0,0,0,0,0,0,0,0,0,0,0,0,0,0,0,0,0,0,0,0,0,0,0,0,1492196
02/04/2026,Serie A Brasil,2026,SANTOS,REMO,2,0,1,0,H,0.0,0.0,0.0,7,11,3,4,17,14,7,4,4,3,0,0,508,373,4,1,58,42,0,0,0,0,0,0,0,0,0,0,0,0,0,0,0,0,0,0,0,0,0,0,0,0,0,0,0,0,0,0,0,0,1492199
02/04/2026,Serie A Brasil,2026,CHAPECOENSE-SC,ATLETICO-MG,0,4,0,3,A,0.0,0.0,0.0,19,20,4,8,19,4,7,3,1,0,0,0,379,487,4,3,45,55,0,0,0,0,0,0,0,0,0,0,0,0,0,0,0,0,0,0,0,0,0,0,0,0,0,0,0,0,0,0,0,0,1492193
03/04/2026,Serie A Brasil,2026,PALMEIRAS,GREMIO,2,1,1,0,H,0.0,0.0,0.0,16,10,4,5,12,15,8,2,0,3,0,0,486,328,4,2,60,40,0,0,0,0,0,0,0,0,0,0,0,0,0,0,0,0,0,0,0,0,0,0,0,0,0,0,0,0,0,0,0,0,1492198
03/04/2026,Serie A Brasil,2026,RB BRAGANTINO,FLAMENGO,3,0,2,0,H,0.0,0.0,0.0,18,7,6,1,12,12,7,5,4,1,0,1,464,372,1,3,56,44,0,0,0,0,0,0,0,0,0,0,0,0,0,0,0,0,0,0,0,0,0,0,0,0,0,0,0,0,0,0,0,0,1492192
04/04/2026,Serie A Brasil,2026,SAO PAULO,CRUZEIRO,4,1,2,0,H,0.0,0.0,0.0,11,14,5,7,21,14,6,4,2,0,0,0,270,478,6,1,36,64,0,0,0,0,0,0,0,0,0,0,0,0,0,0,0,0,0,0,0,0,0,0,0,0,0,0,0,0,0,0,0,0,1492208
04/04/2026,Serie A Brasil,2026,CORITIBA,FLUMINENSE,1,1,0,0,D,0.0,0.0,0.0,10,15,4,4,8,14,3,10,1,0,0,0,266,551,3,3,33,67,0,0,0,0,0,0,0,0,0,0,0,0,0,0,0,0,0,0,0,0,0,0,0,0,0,0,0,0,0,0,0,0,1492204
05/04/2026,Serie A Brasil,2026,VASCO DA GAMA,BOTAFOGO,1,2,0,0,A,0.0,0.0,0.0,17,18,5,9,11,16,3,2,2,4,0,0,511,303,8,4,63,37,0,0,0,0,0,0,0,0,0,0,0,0,0,0,0,0,0,0,0,0,0,0,0,0,0,0,0,0,0,0,0,0,1492209
05/04/2026,Serie A Brasil,2026,CHAPECOENSE-SC,VITORIA,1,1,0,0,D,0.0,0.0,0.0,25,15,6,9,16,14,9,1,2,3,0,1,353,277,8,5,58,42,0,0,0,0,0,0,0,0,0,0,0,0,0,0,0,0,0,0,0,0,0,0,0,0,0,0,0,0,0,0,0,0,1492202
05/04/2026,Serie A Brasil,2026,FLAMENGO,SANTOS,3,1,0,0,H,0.0,0.0,0.0,19,17,4,2,2,12,2,7,0,2,0,0,613,357,1,1,63,37,0,0,0,0,0,0,0,0,0,0,0,0,0,0,0,0,0,0,0,0,0,0,0,0,0,0,0,0,0,0,0,0,1492205
05/04/2026,Serie A Brasil,2026,ATLETICO-MG,ATLETICO PARANAENSE,2,1,1,0,H,0.0,0.0,0.0,15,11,5,3,9,13,2,8,0,1,0,0,479,477,2,3,49,51,0,0,0,0,0,0,0,0,0,0,0,0,0,0,0,0,0,0,0,0,0,0,0,0,0,0,0,0,0,0,0,0,1492200
05/04/2026,Serie A Brasil,2026,BAHIA,PALMEIRAS,1,2,0,1,A,0.0,0.0,0.0,19,8,6,5,18,17,7,5,2,4,0,0,490,347,4,4,59,41,0,0,0,0,0,0,0,0,0,0,0,0,0,0,0,0,0,0,0,0,0,0,0,0,0,0,0,0,0,0,0,0,1492201
05/04/2026,Serie A Brasil,2026,CORINTHIANS,INTERNACIONAL,0,1,0,0,A,0.0,0.0,0.0,11,8,2,3,16,19,7,4,2,3,0,0,462,249,2,2,65,35,0,0,0,0,0,0,0,0,0,0,0,0,0,0,0,0,0,0,0,0,0,0,0,0,0,0,0,0,0,0,0,0,1492203
05/04/2026,Serie A Brasil,2026,MIRASSOL,RB BRAGANTINO,0,1,0,0,A,0.0,0.0,0.0,15,16,2,5,7,10,12,6,2,3,0,0,357,311,4,2,54,46,0,0,0,0,0,0,0,0,0,0,0,0,0,0,0,0,0,0,0,0,0,0,0,0,0,0,0,0,0,0,0,0,1492207
05/04/2026,Serie A Brasil,2026,GREMIO,REMO,0,0,0,0,D,0.0,0.0,0.0,20,11,3,4,8,9,8,3,2,3,0,1,512,303,4,3,63,37,0,0,0,0,0,0,0,0,0,0,0,0,0,0,0,0,0,0,0,0,0,0,0,0,0,0,0,0,0,0,0,0,1492206
11/04/2026,Serie A Brasil,2026,VITORIA,SAO PAULO,2,0,1,0,H,0.0,0.0,0.0,15,16,6,5,11,11,1,6,2,3,0,1,361,501,5,4,41,59,0,0,0,0,0,0,0,0,0,0,0,0,0,0,0,0,0,0,0,0,0,0,0,0,0,0,0,0,0,0,0,0,1492219
11/04/2026,Serie A Brasil,2026,REMO,VASCO DA GAMA,1,1,0,0,D,0.0,0.0,0.0,12,19,2,3,12,10,3,6,0,2,0,0,338,441,2,1,43,57,0,0,0,0,0,0,0,0,0,0,0,0,0,0,0,0,0,0,0,0,0,0,0,0,0,0,0,0,0,0,0,0,1492217
11/04/2026,Serie A Brasil,2026,MIRASSOL,BAHIA,1,2,1,0,A,0.0,0.0,0.0,16,14,6,8,20,14,8,4,5,1,1,0,362,526,6,6,42,58,0,0,0,0,0,0,0,0,0,0,0,0,0,0,0,0,0,0,0,0,0,0,0,0,0,0,0,0,0,0,0,0,1492216
11/04/2026,Serie A Brasil,2026,SANTOS,ATLETICO-MG,1,0,0,0,H,0.0,0.0,0.0,18,11,2,3,8,17,5,7,3,1,0,0,396,493,3,1,45,55,0,0,0,0,0,0,0,0,0,0,0,0,0,0,0,0,0,0,0,0,0,0,0,0,0,0,0,0,0,0,0,0,1492218
11/04/2026,Serie A Brasil,2026,INTERNACIONAL,GREMIO,0,0,0,0,D,0.0,0.0,0.0,11,4,3,1,19,20,8,2,4,3,0,1,338,296,1,3,54,46,0,0,0,0,0,0,0,0,0,0,0,0,0,0,0,0,0,0,0,0,0,0,0,0,0,0,0,0,0,0,0,0,1492215
12/04/2026,Serie A Brasil,2026,ATLETICO PARANAENSE,CHAPECOENSE-SC,2,0,0,0,H,0.0,0.0,0.0,14,8,6,1,15,17,5,0,2,4,0,0,417,316,1,4,58,42,0,0,0,0,0,0,0,0,0,0,0,0,0,0,0,0,0,0,0,0,0,0,0,0,0,0,0,0,0,0,0,0,1492210
12/04/2026,Serie A Brasil,2026,BOTAFOGO,CORITIBA,2,2,0,1,D,0.0,0.0,0.0,20,14,8,5,14,7,7,4,2,4,0,0,468,307,3,6,61,39,0,0,0,0,0,0,0,0,0,0,0,0,0,0,0,0,0,0,0,0,0,0,0,0,0,0,0,0,0,0,0,0,1492211
12/04/2026,Serie A Brasil,2026,FLUMINENSE,FLAMENGO,1,2,0,1,A,0.0,0.0,0.0,19,17,6,9,14,12,8,2,2,3,0,1,608,405,6,5,60,40,0,0,0,0,0,0,0,0,0,0,0,0,0,0,0,0,0,0,0,0,0,0,0,0,0,0,0,0,0,0,0,0,1492214
12/04/2026,Serie A Brasil,2026,CORINTHIANS,PALMEIRAS,0,0,0,0,D,0.0,0.0,0.0,6,16,4,4,17,16,2,7,2,1,2,0,215,445,5,4,32,68,0,0,0,0,0,0,0,0,0,0,0,0,0,0,0,0,0,0,0,0,0,0,0,0,0,0,0,0,0,0,0,0,1492212
12/04/2026,Serie A Brasil,2026,CRUZEIRO,RB BRAGANTINO,2,1,1,1,H,0.0,0.0,0.0,16,15,7,4,16,21,2,7,0,2,0,0,333,339,3,5,49,51,0,0,0,0,0,0,0,0,0,0,0,0,0,0,0,0,0,0,0,0,0,0,0,0,0,0,0,0,0,0,0,0,1492213
18/04/2026,Serie A Brasil,2026,CHAPECOENSE-SC,BOTAFOGO,1,4,1,3,A,0.0,0.0,0.0,9,13,3,8,6,7,4,4,0,0,0,0,496,526,4,3,49,51,0,0,0,0,0,0,0,0,0,0,0,0,0,0,0,0,0,0,0,0,0,0,0,0,0,0,0,0,0,0,0,0,1492221
18/04/2026,Serie A Brasil,2026,VASCO DA GAMA,SAO PAULO,2,1,0,1,H,0.0,0.0,0.0,20,10,5,4,14,20,6,5,1,2,0,0,431,264,1,3,62,38,0,0,0,0,0,0,0,0,0,0,0,0,0,0,0,0,0,0,0,0,0,0,0,0,0,0,0,0,0,0,0,0,1492228
18/04/2026,Serie A Brasil,2026,VITORIA,CORINTHIANS,0,0,0,0,D,0.0,0.0,0.0,13,7,1,0,13,14,4,2,1,2,0,0,429,357,0,1,54,46,0,0,0,0,0,0,0,0,0,0,0,0,0,0,0,0,0,0,0,0,0,0,0,0,0,0,0,0,0,0,0,0,1492229
18/04/2026,Serie A Brasil,2026,CRUZEIRO,GREMIO,2,0,0,0,H,0.0,0.0,0.0,18,9,6,1,16,13,4,1,4,3,0,0,312,455,1,4,41,59,0,0,0,0,0,0,0,0,0,0,0,0,0,0,0,0,0,0,0,0,0,0,0,0,0,0,0,0,0,0,0,0,1492223
19/04/2026,Serie A Brasil,2026,INTERNACIONAL,MIRASSOL,1,2,0,2,A,0.0,0.0,0.0,24,10,9,4,6,15,11,2,0,4,0,0,619,251,1,6,72,28,0,0,0,0,0,0,0,0,0,0,0,0,0,0,0,0,0,0,0,0,0,0,0,0,0,0,0,0,0,0,0,0,1492225
19/04/2026,Serie A Brasil,2026,SANTOS,FLUMINENSE,2,3,1,1,A,0.0,0.0,0.0,7,10,4,3,13,14,6,4,5,3,0,0,444,502,0,2,47,53,0,0,0,0,0,0,0,0,0,0,0,0,0,0,0,0,0,0,0,0,0,0,0,0,0,0,0,0,0,0,0,0,1492227
19/04/2026,Serie A Brasil,2026,CORITIBA,ATLETICO-MG,2,0,1,0,H,0.0,0.0,0.0,2,23,2,7,17,10,2,8,2,1,1,1,196,638,7,0,23,77,0,0,0,0,0,0,0,0,0,0,0,0,0,0,0,0,0,0,0,0,0,0,0,0,0,0,0,0,0,0,0,0,1492222
19/04/2026,Serie A Brasil,2026,PALMEIRAS,ATLETICO PARANAENSE,1,0,1,0,H,0.0,0.0,0.0,10,9,2,3,9,22,9,3,3,4,1,0,406,378,3,1,51,49,0,0,0,0,0,0,0,0,0,0,0,0,0,0,0,0,0,0,0,0,0,0,0,0,0,0,0,0,0,0,0,0,1492226
19/04/2026,Serie A Brasil,2026,RB BRAGANTINO,REMO,4,2,2,2,H,0.0,0.0,0.0,16,6,8,3,11,12,1,1,1,1,0,0,423,400,1,5,51,49,0,0,0,0,0,0,0,0,0,0,0,0,0,0,0,0,0,0,0,0,0,0,0,0,0,0,0,0,0,0,0,0,1492220
19/04/2026,Serie A Brasil,2026,FLAMENGO,BAHIA,2,0,1,0,H,0.0,0.0,0.0,20,13,8,5,12,8,6,1,2,0,0,0,561,506,5,6,52,48,0,0,0,0,0,0,0,0,0,0,0,0,0,0,0,0,0,0,0,0,0,0,0,0,0,0,0,0,0,0,0,0,1492224
25/04/2026,Serie A Brasil,2026,BAHIA,SANTOS,2,2,0,2,D,0.0,0.0,0.0,18,11,5,5,16,16,5,3,3,4,0,0,519,293,3,3,64,36,0,0,0,0,0,0,0,0,0,0,0,0,0,0,0,0,0,0,0,0,0,0,0,0,0,0,0,0,0,0,0,0,1492232
25/04/2026,Serie A Brasil,2026,BOTAFOGO,INTERNACIONAL,2,2,0,0,D,0.0,0.0,0.0,16,8,7,4,16,14,3,5,2,3,0,0,318,284,2,5,53,47,0,0,0,0,0,0,0,0,0,0,0,0,0,0,0,0,0,0,0,0,0,0,0,0,0,0,0,0,0,0,0,0,1492233
25/04/2026,Serie A Brasil,2026,REMO,CRUZEIRO,0,1,0,1,A,0.0,0.0,0.0,14,6,1,6,15,22,4,1,1,3,0,0,325,393,5,1,47,53,0,0,0,0,0,0,0,0,0,0,0,0,0,0,0,0,0,0,0,0,0,0,0,0,0,0,0,0,0,0,0,0,1492238
26/04/2026,Serie A Brasil,2026,SAO PAULO,MIRASSOL,1,0,0,0,H,0.0,0.0,0.0,17,10,1,1,11,14,12,4,1,2,0,0,418,381,1,0,53,47,0,0,0,0,0,0,0,0,0,0,0,0,0,0,0,0,0,0,0,0,0,0,0,0,0,0,0,0,0,0,0,0,1492239
26/04/2026,Serie A Brasil,2026,GREMIO,CORITIBA,1,0,1,0,H,0.0,0.0,0.0,22,15,6,4,20,11,5,2,3,2,0,2,442,341,4,5,56,44,0,0,0,0,0,0,0,0,0,0,0,0,0,0,0,0,0,0,0,0,0,0,0,0,0,0,0,0,0,0,0,0,1492237
26/04/2026,Serie A Brasil,2026,CORINTHIANS,VASCO DA GAMA,1,0,1,0,H,0.0,0.0,0.0,13,21,5,7,12,17,5,7,2,4,1,0,323,476,7,4,40,60,0,0,0,0,0,0,0,0,0,0,0,0,0,0,0,0,0,0,0,0,0,0,0,0,0,0,0,0,0,0,0,0,1492235
26/04/2026,Serie A Brasil,2026,ATLETICO PARANAENSE,VITORIA,3,1,1,1,H,0.0,0.0,0.0,23,7,11,2,16,15,4,4,5,4,0,0,370,244,1,8,61,39,0,0,0,0,0,0,0,0,0,0,0,0,0,0,0,0,0,0,0,0,0,0,0,0,0,0,0,0,0,0,0,0,1492230
26/04/2026,Serie A Brasil,2026,RB BRAGANTINO,PALMEIRAS,0,1,0,1,A,0.0,0.0,0.0,19,6,4,3,12,17,9,4,1,2,0,0,451,301,2,4,61,39,0,0,0,0,0,0,0,0,0,0,0,0,0,0,0,0,0,0,0,0,0,0,0,0,0,0,0,0,0,0,0,0,1492234
26/04/2026,Serie A Brasil,2026,FLUMINENSE,CHAPECOENSE-SC,2,1,0,0,H,0.0,0.0,0.0,30,8,12,3,6,16,7,1,1,4,0,1,740,305,2,10,71,29,0,0,0,0,0,0,0,0,0,0,0,0,0,0,0,0,0,0,0,0,0,0,0,0,0,0,0,0,0,0,0,0,1492236
26/04/2026,Serie A Brasil,2026,ATLETICO-MG,FLAMENGO,0,4,0,3,A,0.0,0.0,0.0,18,9,6,6,10,13,8,1,1,2,0,0,492,486,2,6,51,49,0,0,0,0,0,0,0,0,0,0,0,0,0,0,0,0,0,0,0,0,0,0,0,0,0,0,0,0,0,0,0,0,1492231
02/05/2026,Serie A Brasil,2026,BOTAFOGO,REMO,1,2,1,0,A,0.0,0.0,0.0,16,18,5,9,14,10,9,6,2,2,0,0,447,327,7,4,58,42,0,0,0,0,0,0,0,0,0,0,0,0,0,0,0,0,0,0,0,0,0,0,0,0,0,0,0,0,0,0,0,0,1492241
02/05/2026,Serie A Brasil,2026,PALMEIRAS,SANTOS,1,1,0,1,D,0.0,0.0,0.0,22,14,3,4,9,5,9,4,1,1,0,0,448,392,3,2,54,46,0,0,0,0,0,0,0,0,0,0,0,0,0,0,0,0,0,0,0,0,0,0,0,0,0,0,0,0,0,0,0,0,1492247
02/05/2026,Serie A Brasil,2026,VITORIA,CORITIBA,4,1,2,1,H,0.0,0.0,0.0,11,5,7,1,13,11,2,4,3,1,0,1,518,324,1,3,61,39,0,0,0,0,0,0,0,0,0,0,0,0,0,0,0,0,0,0,0,0,0,0,0,0,0,0,0,0,0,0,0,0,1492249
02/05/2026,Serie A Brasil,2026,ATLETICO PARANAENSE,GREMIO,0,0,0,0,D,0.0,0.0,0.0,11,7,5,0,11,13,7,3,2,2,1,1,368,436,0,4,45,55,0,0,0,0,0,0,0,0,0,0,0,0,0,0,0,0,0,0,0,0,0,0,0,0,0,0,0,0,0,0,0,0,1492240
03/05/2026,Serie A Brasil,2026,CRUZEIRO,ATLETICO-MG,1,3,0,2,A,0.0,0.0,0.0,14,6,2,4,15,17,5,1,4,7,2,1,495,230,1,1,69,31,0,0,0,0,0,0,0,0,0,0,0,0,0,0,0,0,0,0,0,0,0,0,0,0,0,0,0,0,0,0,0,0,1492243
03/05/2026,Serie A Brasil,2026,SAO PAULO,BAHIA,2,2,1,0,D,0.0,0.0,0.0,18,20,8,7,12,11,13,10,4,3,0,0,316,508,4,6,38,62,0,0,0,0,0,0,0,0,0,0,0,0,0,0,0,0,0,0,0,0,0,0,0,0,0,0,0,0,0,0,0,0,1492248
03/05/2026,Serie A Brasil,2026,FLAMENGO,VASCO DA GAMA,2,2,1,0,D,0.0,0.0,0.0,12,20,6,6,15,12,5,6,3,3,0,0,470,486,4,3,49,51,0,0,0,0,0,0,0,0,0,0,0,0,0,0,0,0,0,0,0,0,0,0,0,0,0,0,0,0,0,0,0,0,1492244
03/05/2026,Serie A Brasil,2026,INTERNACIONAL,FLUMINENSE,2,0,1,0,H,0.0,0.0,0.0,18,11,9,6,25,18,3,3,4,3,0,0,312,634,6,7,33,67,0,0,0,0,0,0,0,0,0,0,0,0,0,0,0,0,0,0,0,0,0,0,0,0,0,0,0,0,0,0,0,0,1492245
03/05/2026,Serie A Brasil,2026,CHAPECOENSE-SC,RB BRAGANTINO,1,2,1,1,A,0.0,0.0,0.0,19,7,3,2,8,10,6,2,2,2,0,0,447,371,0,2,55,45,0,0,0,0,0,0,0,0,0,0,0,0,0,0,0,0,0,0,0,0,0,0,0,0,0,0,0,0,0,0,0,0,1492242
03/05/2026,Serie A Brasil,2026,MIRASSOL,CORINTHIANS,2,1,2,0,H,0.0,0.0,0.0,7,11,5,3,19,13,1,5,5,2,0,0,345,547,2,3,39,61,0,0,0,0,0,0,0,0,0,0,0,0,0,0,0,0,0,0,0,0,0,0,0,0,0,0,0,0,0,0,0,0,1492246
09/05/2026,Serie A Brasil,2026,CORITIBA,INTERNACIONAL,2,2,1,0,D,0.0,0.0,0.0,8,22,3,4,11,10,3,8,1,3,0,0,306,532,2,1,36,64,0,0,0,0,0,0,0,0,0,0,0,0,0,0,0,0,0,0,0,0,0,0,0,0,0,0,0,0,0,0,0,0,1492253
09/05/2026,Serie A Brasil,2026,FLUMINENSE,VITORIA,2,2,1,0,D,0.0,0.0,0.0,12,10,5,3,15,7,6,3,4,2,0,0,522,385,1,3,58,42,0,0,0,0,0,0,0,0,0,0,0,0,0,0,0,0,0,0,0,0,0,0,0,0,0,0,0,0,0,0,0,0,1492254
10/05/2026,Serie A Brasil,2026,BAHIA,CRUZEIRO,1,2,1,1,A,0.0,0.0,0.0,8,20,3,7,14,16,6,8,3,4,0,0,351,411,5,2,46,54,0,0,0,0,0,0,0,0,0,0,0,0,0,0,0,0,0,0,0,0,0,0,0,0,0,0,0,0,0,0,0,0,1492251
10/05/2026,Serie A Brasil,2026,ATLETICO-MG,BOTAFOGO,1,1,1,0,D,0.0,0.0,0.0,17,18,7,5,9,12,6,4,0,2,0,0,307,407,4,6,44,56,0,0,0,0,0,0,0,0,0,0,0,0,0,0,0,0,0,0,0,0,0,0,0,0,0,0,0,0,0,0,0,0,1492250
10/05/2026,Serie A Brasil,2026,REMO,PALMEIRAS,1,1,1,1,D,0.0,0.0,0.0,15,18,4,5,6,6,5,17,1,2,1,0,220,455,4,3,33,67,0,0,0,0,0,0,0,0,0,0,0,0,0,0,0,0,0,0,0,0,0,0,0,0,0,0,0,0,0,0,0,0,1492257
10/05/2026,Serie A Brasil,2026,SANTOS,RB BRAGANTINO,2,0,1,0,H,0.0,0.0,0.0,9,11,3,3,13,18,7,3,1,4,0,0,446,387,3,1,53,47,0,0,0,0,0,0,0,0,0,0,0,0,0,0,0,0,0,0,0,0,0,0,0,0,0,0,0,0,0,0,0,0,1492258
10/05/2026,Serie A Brasil,2026,CORINTHIANS,SAO PAULO,3,2,1,1,H,0.0,0.0,0.0,15,7,6,4,12,13,7,7,4,4,0,0,379,401,3,3,50,50,0,0,0,0,0,0,0,0,0,0,0,0,0,0,0,0,0,0,0,0,0,0,0,0,0,0,0,0,0,0,0,0,1492252
10/05/2026,Serie A Brasil,2026,MIRASSOL,CHAPECOENSE-SC,1,1,0,0,D,0.0,0.0,0.0,22,11,4,4,10,20,8,1,1,5,0,0,475,346,4,3,58,42,0,0,0,0,0,0,0,0,0,0,0,0,0,0,0,0,0,0,0,0,0,0,0,0,0,0,0,0,0,0,0,0,1492256
10/05/2026,Serie A Brasil,2026,GREMIO,FLAMENGO,0,1,0,0,A,0.0,0.0,0.0,6,20,3,5,10,10,0,6,1,3,0,0,337,726,4,2,32,68,0,0,0,0,0,0,0,0,0,0,0,0,0,0,0,0,0,0,0,0,0,0,0,0,0,0,0,0,0,0,0,0,1492255
10/05/2026,Serie A Brasil,2026,VASCO DA GAMA,ATLETICO PARANAENSE,1,0,1,0,H,0.0,0.0,0.0,16,9,6,3,6,9,4,3,4,1,0,0,480,427,3,5,53,47,0,0,0,0,0,0,0,0,0,0,0,0,0,0,0,0,0,0,0,0,0,0,0,0,0,0,0,0,0,0,0,0,1492259
16/05/2026,Serie A Brasil,2026,INTERNACIONAL,VASCO DA GAMA,4,1,2,0,H,0.0,0.0,0.0,12,14,7,3,17,11,3,4,2,2,0,1,342,509,2,3,40,60,0,0,0,0,0,0,0,0,0,0,0,0,0,0,0,0,0,0,0,0,0,0,0,0,0,0,0,0,0,0,0,0,1492267
16/05/2026,Serie A Brasil,2026,ATLETICO-MG,MIRASSOL,3,1,1,1,H,0.0,0.0,0.0,15,7,6,3,6,14,5,6,0,1,0,0,389,401,1,3,49,51,0,0,0,0,0,0,0,0,0,0,0,0,0,0,0,0,0,0,0,0,0,0,0,0,0,0,0,0,0,0,0,0,1492261
16/05/2026,Serie A Brasil,2026,FLUMINENSE,SAO PAULO,2,1,2,0,H,0.0,0.0,0.0,10,14,3,7,13,10,3,5,2,5,0,0,473,468,6,1,50,50,0,0,0,0,0,0,0,0,0,0,0,0,0,0,0,0,0,0,0,0,0,0,0,0,0,0,0,0,0,0,0,0,1492266
17/05/2026,Serie A Brasil,2026,PALMEIRAS,CRUZEIRO,1,1,1,1,D,0.0,0.0,0.0,16,11,2,4,19,14,6,5,2,4,0,0,364,405,3,1,47,53,0,0,0,0,0,0,0,0,0,0,0,0,0,0,0,0,0,0,0,0,0,0,0,0,0,0,0,0,0,0,0,0,1492268
17/05/2026,Serie A Brasil,2026,SANTOS,CORITIBA,0,3,0,3,A,0.0,0.0,0.0,13,9,3,5,13,15,3,3,4,2,1,0,440,262,2,3,63,37,0,0,0,0,0,0,0,0,0,0,0,0,0,0,0,0,0,0,0,0,0,0,0,0,0,0,0,0,0,0,0,0,1492269
17/05/2026,Serie A Brasil,2026,BAHIA,GREMIO,1,1,0,0,D,0.0,0.0,0.0,17,3,6,1,18,14,7,3,4,5,0,0,445,306,0,5,60,40,0,0,0,0,0,0,0,0,0,0,0,0,0,0,0,0,0,0,0,0,0,0,0,0,0,0,0,0,0,0,0,0,1492262
17/05/2026,Serie A Brasil,2026,BOTAFOGO,CORINTHIANS,3,1,2,1,H,0.0,0.0,0.0,13,19,5,1,22,8,3,2,6,1,0,0,255,468,0,2,35,65,0,0,0,0,0,0,0,0,0,0,0,0,0,0,0,0,0,0,0,0,0,0,0,0,0,0,0,0,0,0,0,0,1492263
17/05/2026,Serie A Brasil,2026,CHAPECOENSE-SC,REMO,2,3,1,1,A,0.0,0.0,0.0,18,11,8,4,10,6,3,9,2,1,0,0,440,405,2,6,52,48,0,0,0,0,0,0,0,0,0,0,0,0,0,0,0,0,0,0,0,0,0,0,0,0,0,0,0,0,0,0,0,0,1492265
17/05/2026,Serie A Brasil,2026,RB BRAGANTINO,VITORIA,2,0,1,0,H,0.0,0.0,0.0,23,7,5,2,21,11,7,6,4,2,0,0,334,348,2,3,50,50,0,0,0,0,0,0,0,0,0,0,0,0,0,0,0,0,0,0,0,0,0,0,0,0,0,0,0,0,0,0,0,0,1492264
17/05/2026,Serie A Brasil,2026,ATLETICO PARANAENSE,FLAMENGO,1,1,1,0,D,0.0,0.0,0.0,18,12,5,3,9,12,9,7,2,3,0,1,288,533,3,4,36,64,0,0,0,0,0,0,0,0,0,0,0,0,0,0,0,0,0,0,0,0,0,0,0,0,0,0,0,0,0,0,0,0,1492260
23/05/2026,Serie A Brasil,2026,SAO PAULO,BOTAFOGO,1,1,1,0,D,0.0,0.0,0.0,14,14,4,6,20,19,4,3,4,4,0,0,363,311,5,3,54,46,0,0,0,0,0,0,0,0,0,0,0,0,0,0,0,0,0,0,0,0,0,0,0,0,0,0,0,0,0,0,0,0,1492277
23/05/2026,Serie A Brasil,2026,VITORIA,INTERNACIONAL,2,0,1,0,H,0.0,0.0,0.0,8,20,4,2,15,18,4,6,2,3,0,1,306,375,2,2,43,57,0,0,0,0,0,0,0,0,0,0,0,0,0,0,0,0,0,0,0,0,0,0,0,0,0,0,0,0,0,0,0,0,1492279
23/05/2026,Serie A Brasil,2026,GREMIO,SANTOS,3,2,1,1,H,0.0,0.0,0.0,12,13,5,4,12,13,8,5,1,3,0,1,438,445,2,2,50,50,0,0,0,0,0,0,0,0,0,0,0,0,0,0,0,0,0,0,0,0,0,0,0,0,0,0,0,0,0,0,0,0,1492274
23/05/2026,Serie A Brasil,2026,MIRASSOL,FLUMINENSE,1,0,1,0,H,0.0,0.0,0.0,13,10,8,1,12,14,4,5,2,3,0,0,267,553,1,7,32,68,0,0,0,0,0,0,0,0,0,0,0,0,0,0,0,0,0,0,0,0,0,0,0,0,0,0,0,0,0,0,0,0,1492275
24/05/2026,Serie A Brasil,2026,FLAMENGO,PALMEIRAS,0,3,0,1,A,0.0,0.0,0.0,22,12,3,6,9,19,8,4,5,6,1,0,465,536,3,3,48,52,0,0,0,0,0,0,0,0,0,0,0,0,0,0,0,0,0,0,0,0,0,0,0,0,0,0,0,0,0,0,0,0,1492273
24/05/2026,Serie A Brasil,2026,CRUZEIRO,CHAPECOENSE-SC,2,1,1,0,H,0.0,0.0,0.0,18,8,7,4,13,15,9,2,1,3,0,0,473,243,3,5,66,34,0,0,0,0,0,0,0,0,0,0,0,0,0,0,0,0,0,0,0,0,0,0,0,0,0,0,0,0,0,0,0,0,1492272
24/05/2026,Serie A Brasil,2026,REMO,ATLETICO PARANAENSE,1,2,1,1,A,0.0,0.0,0.0,3,16,2,9,9,14,3,10,1,4,1,0,335,430,8,1,44,56,0,0,0,0,0,0,0,0,0,0,0,0,0,0,0,0,0,0,0,0,0,0,0,0,0,0,0,0,0,0,0,0,1492276
24/05/2026,Serie A Brasil,2026,CORINTHIANS,ATLETICO-MG,1,0,0,0,H,0.0,0.0,0.0,10,11,4,2,15,14,3,0,1,2,0,0,515,371,2,3,58,42,0,0,0,0,0,0,0,0,0,0,0,0,0,0,0,0,0,0,0,0,0,0,0,0,0,0,0,0,0,0,0,0,1492270
24/05/2026,Serie A Brasil,2026,VASCO DA GAMA,RB BRAGANTINO,0,3,0,1,A,0.0,0.0,0.0,14,21,6,9,13,14,6,6,1,3,0,0,385,259,7,6,59,41,0,0,0,0,0,0,0,0,0,0,0,0,0,0,0,0,0,0,0,0,0,0,0,0,0,0,0,0,0,0,0,0,1492278
25/05/2026,Serie A Brasil,2026,CORITIBA,BAHIA,3,2,0,1,H,0.0,0.0,0.0,13,14,7,1,11,17,3,6,0,3,0,0,336,429,0,4,44,56,0,0,0,0,0,0,0,0,0,0,0,0,0,0,0,0,0,0,0,0,0,0,0,0,0,0,0,0,0,0,0,0,1492271
30/05/2026,Serie A Brasil,2026,FLAMENGO,CORITIBA,3,0,1,0,H,0.0,0.0,0.0,21,10,9,2,10,2,6,4,3,0,0,1,641,394,2,6,62,38,0,0,0,0,0,0,0,0,0,0,0,0,0,0,0,0,0,0,0,0,0,0,0,0,0,0,0,0,0,0,0,0,1492284
30/05/2026,Serie A Brasil,2026,ATLETICO PARANAENSE,MIRASSOL,1,0,0,0,H,0.0,0.0,0.0,13,10,2,2,11,11,6,4,2,3,0,0,396,405,2,1,50,50,0,0,0,0,0,0,0,0,0,0,0,0,0,0,0,0,0,0,0,0,0,0,0,0,0,0,0,0,0,0,0,0,1492280
30/05/2026,Serie A Brasil,2026,BAHIA,BOTAFOGO,2,1,0,1,H,0.0,0.0,0.0,24,13,9,6,14,16,10,4,4,5,0,1,496,240,4,8,69,31,0,0,0,0,0,0,0,0,0,0,0,0,0,0,0,0,0,0,0,0,0,0,0,0,0,0,0,0,0,0,0,0,1492281
30/05/2026,Serie A Brasil,2026,GREMIO,CORINTHIANS,1,3,1,1,A,0.0,0.0,0.0,10,24,3,9,23,20,4,8,3,2,1,0,295,432,6,1,41,59,0,0,0,0,0,0,0,0,0,0,0,0,0,0,0,0,0,0,0,0,0,0,0,0,0,0,0,0,0,0,0,0,1492285
30/05/2026,Serie A Brasil,2026,SANTOS,VITORIA,3,1,1,0,H,0.0,0.0,0.0,5,22,4,9,17,8,1,5,3,4,1,0,334,412,8,1,44,56,0,0,0,0,0,0,0,0,0,0,0,0,0,0,0,0,0,0,0,0,0,0,0,0,0,0,0,0,0,0,0,0,1492288
31/05/2026,Serie A Brasil,2026,RB BRAGANTINO,INTERNACIONAL,3,1,2,0,H,0.0,0.0,0.0,18,8,7,2,19,17,6,1,2,4,0,0,343,321,1,4,52,48,0,0,0,0,0,0,0,0,0,0,0,0,0,0,0,0,0,0,0,0,0,0,0,0,0,0,0,0,0,0,0,0,1492282
31/05/2026,Serie A Brasil,2026,PALMEIRAS,CHAPECOENSE-SC,1,0,0,0,H,0.0,0.0,0.0,13,15,4,3,9,9,3,2,1,1,1,0,493,517,3,3,48,52,0,0,0,0,0,0,0,0,0,0,0,0,0,0,0,0,0,0,0,0,0,0,0,0,0,0,0,0,0,0,0,0,1492286
31/05/2026,Serie A Brasil,2026,VASCO DA GAMA,ATLETICO-MG,0,1,0,1,A,0.0,0.0,0.0,25,10,8,4,20,17,3,4,1,1,0,0,487,334,3,8,60,40,0,0,0,0,0,0,0,0,0,0,0,0,0,0,0,0,0,0,0,0,0,0,0,0,0,0,0,0,0,0,0,0,1492289
31/05/2026,Serie A Brasil,2026,CRUZEIRO,FLUMINENSE,1,1,0,1,D,0.0,0.0,0.0,19,10,3,5,12,15,5,4,2,2,0,0,583,370,4,2,61,39,0,0,0,0,0,0,0,0,0,0,0,0,0,0,0,0,0,0,0,0,0,0,0,0,0,0,0,0,0,0,0,0,1492283
31/05/2026,Serie A Brasil,2026,REMO,SAO PAULO,1,0,0,0,H,0.0,0.0,0.0,9,9,2,4,7,14,6,7,1,2,0,0,301,470,4,1,40,60,0,0,0,0,0,0,0,0,0,0,0,0,0,0,0,0,0,0,0,0,0,0,0,0,0,0,0,0,0,0,0,0,1492287
16/07/2026,Serie A Brasil,2026,BOTAFOGO,SANTOS,2,1,1,0,H,0.0,0.0,0.0,17,22,7,9,10,13,5,5,3,2,0,0,377,414,8,5,48,52,0,0,0,0,0,0,0,0,0,0,0,0,0,0,0,0,0,0,0,0,0,0,0,0,0,0,0,0,0,0,0,0,1492291
16/07/2026,Serie A Brasil,2026,VITORIA,VASCO DA GAMA,1,0,0,0,H,0.0,0.0,0.0,14,13,6,3,12,15,3,2,0,0,0,0,385,394,3,5,50,50,0,0,0,0,0,0,0,0,0,0,0,0,0,0,0,0,0,0,0,0,0,0,0,0,0,0,0,0,0,0,0,0,1492299
17/07/2026,Serie A Brasil,2026,BAHIA,CHAPECOENSE-SC,2,0,2,0,H,0.0,0.0,0.0,17,10,6,2,17,17,10,6,2,0,0,0,504,267,2,4,65,35,0,0,0,0,0,0,0,0,0,0,0,0,0,0,0,0,0,0,0,0,0,0,0,0,0,0,0,0,0,0,0,0,1492140
17/07/2026,Serie A Brasil,2026,FLUMINENSE,RB BRAGANTINO,1,1,0,1,D,0.0,0.0,0.0,25,6,4,2,6,9,11,4,2,4,1,2,578,294,1,3,67,33,0,0,0,0,0,0,0,0,0,0,0,0,0,0,0,0,0,0,0,0,0,0,0,0,0,0,0,0,0,0,0,0,1492295
17/07/2026,Serie A Brasil,2026,MIRASSOL,GREMIO,2,1,2,0,H,0.0,0.0,0.0,14,9,3,4,14,9,5,4,1,3,0,0,340,445,3,1,45,55,0,0,0,0,0,0,0,0,0,0,0,0,0,0,0,0,0,0,0,0,0,0,0,0,0,0,0,0,0,0,0,0,1492297
21/07/2026,Serie A Brasil,2026,ATLETICO-MG,BAHIA,1,1,1,0,D,0.0,0.0,0.0,16,21,4,4,4,12,6,4,0,2,0,0,399,406,3,3,53,47,0,0,0,0,0,0,0,0,0,0,0,0,0,0,0,0,0,0,0,0,0,0,0,0,0,0,0,0,0,0,0,0,1492290
22/07/2026,Serie A Brasil,2026,CORITIBA,PALMEIRAS,1,3,0,2,A,0.0,0.0,0.0,17,13,6,6,10,16,8,4,1,3,0,0,436,435,3,5,51,49,0,0,0,0,0,0,0,0,0,0,0,0,0,0,0,0,0,0,0,0,0,0,0,0,0,0,0,0,0,0,0,0,1492294
23/07/2026,Serie A Brasil,2026,INTERNACIONAL,CRUZEIRO,1,2,0,1,A,0.0,0.0,0.0,21,13,3,6,18,14,5,7,1,6,1,0,337,400,3,1,47,53,0,0,0,0,0,0,0,0,0,0,0,0,0,0,0,0,0,0,0,0,0,0,0,0,0,0,0,0,0,0,0,0,1492296
23/07/2026,Serie A Brasil,2026,SAO PAULO,ATLETICO PARANAENSE,1,2,1,0,A,0.0,0.0,0.0,18,11,3,3,7,15,7,3,0,1,0,0,629,263,1,2,70,30,0,0,0,0,0,0,0,0,0,0,0,0,0,0,0,0,0,0,0,0,0,0,0,0,0,0,0,0,0,0,0,0,1492298
23/07/2026,Serie A Brasil,2026,CHAPECOENSE-SC,FLAMENGO,0,4,0,2,A,0.0,0.0,0.0,13,10,3,6,9,8,5,3,1,0,0,0,378,683,3,3,36,64,0,0,0,0,0,0,0,0,0,0,0,0,0,0,0,0,0,0,0,0,0,0,0,0,0,0,0,0,0,0,0,0,1492292
23/07/2026,Serie A Brasil,2026,BOTAFOGO,VITORIA,0,0,0,0,D,0.0,0.0,0.0,19,5,6,1,16,14,9,3,1,1,0,0,373,297,1,6,57,43,0,0,0,0,0,0,0,0,0,0,0,0,0,0,0,0,0,0,0,0,0,0,0,0,0,0,0,0,0,0,0,0,1492141
23/07/2026,Serie A Brasil,2026,CORINTHIANS,REMO,3,0,3,0,H,0.0,0.0,0.0,15,3,7,0,12,9,3,4,1,1,0,0,516,398,0,4,56,44,0,0,0,0,0,0,0,0,0,0,0,0,0,0,0,0,0,0,0,0,0,0,0,0,0,0,0,0,0,0,0,0,1492293
25/07/2026,Serie A Brasil,2026,SANTOS,CHAPECOENSE-SC,2,2,1,0,D,0.0,0.0,0.0,21,5,7,3,11,13,12,1,3,4,0,0,594,335,2,5,64,36,0,0,0,0,0,0,0,0,0,0,0,0,0,0,0,0,0,0,0,0,0,0,0,0,0,0,0,0,0,0,0,0,1492308
25/07/2026,Serie A Brasil,2026,ATLETICO PARANAENSE,INTERNACIONAL,2,0,1,0,H,0.0,0.0,0.0,14,13,4,3,13,8,3,7,0,0,0,0,353,417,3,2,46,54,0,0,0,0,0,0,0,0,0,0,0,0,0,0,0,0,0,0,0,0,0,0,0,0,0,0,0,0,0,0,0,0,1492300
25/07/2026,Serie A Brasil,2026,VASCO DA GAMA,MIRASSOL,1,1,0,1,D,0.0,0.0,0.0,20,10,4,3,12,7,9,5,1,1,0,0,472,349,2,3,58,42,0,0,0,0,0,0,0,0,0,0,0,0,0,0,0,0,0,0,0,0,0,0,0,0,0,0,0,0,0,0,0,0,1492309
26/07/2026,Serie A Brasil,2026,BAHIA,CORINTHIANS,1,1,1,1,D,0.0,0.0,0.0,13,5,2,2,17,18,7,2,2,5,0,0,474,323,1,1,60,40,0,0,0,0,0,0,0,0,0,0,0,0,0,0,0,0,0,0,0,0,0,0,0,0,0,0,0,0,0,0,0,0,1492301
26/07/2026,Serie A Brasil,2026,CRUZEIRO,BOTAFOGO,0,1,0,1,A,0.0,0.0,0.0,16,8,6,4,14,18,9,1,4,5,0,0,449,286,3,6,62,38,0,0,0,0,0,0,0,0,0,0,0,0,0,0,0,0,0,0,0,0,0,0,0,0,0,0,0,0,0,0,0,0,1492303
26/07/2026,Serie A Brasil,2026,FLAMENGO,SAO PAULO,1,1,0,0,D,0.0,0.0,0.0,18,4,6,1,15,19,5,2,1,3,0,0,510,439,0,5,54,46,0,0,0,0,0,0,0,0,0,0,0,0,0,0,0,0,0,0,0,0,0,0,0,0,0,0,0,0,0,0,0,0,1492304
26/07/2026,Serie A Brasil,2026,GREMIO,FLUMINENSE,1,1,0,0,D,0.0,0.0,0.0,12,7,5,3,12,9,9,2,2,4,0,0,466,476,2,4,51,49,0,0,0,0,0,0,0,0,0,0,0,0,0,0,0,0,0,0,0,0,0,0,0,0,0,0,0,0,0,0,0,0,1492305
26/07/2026,Serie A Brasil,2026,RB BRAGANTINO,CORITIBA,0,0,0,0,D,0.0,0.0,0.0,20,5,3,3,17,3,8,1,3,2,0,0,404,327,3,3,56,44,0,0,0,0,0,0,0,0,0,0,0,0,0,0,0,0,0,0,0,0,0,0,0,0,0,0,0,0,0,0,0,0,1492302
26/07/2026,Serie A Brasil,2026,PALMEIRAS,ATLETICO-MG,1,2,0,0,A,0.0,0.0,0.0,22,9,6,4,7,11,10,5,0,3,0,0,669,307,2,5,69,31,0,0,0,0,0,0,0,0,0,0,0,0,0,0,0,0,0,0,0,0,0,0,0,0,0,0,0,0,0,0,0,0,1492306
26/07/2026,Serie A Brasil,2026,REMO,VITORIA,2,0,1,0,H,0.0,0.0,0.0,15,14,9,6,16,8,4,9,3,1,0,0,278,508,5,7,35,65,0,0,0,0,0,0,0,0,0,0,0,0,0,0,0,0,0,0,0,0,0,0,0,0,0,0,0,0,0,0,0,0,1492307
29/07/2026,Serie A Brasil,2026,INTERNACIONAL,FLAMENGO,1,1,1,0,D,0.0,0.0,0.0,16,14,5,5,11,14,2,3,1,3,0,0,259,705,4,4,27,73,0,0,0,0,0,0,0,0,0,0,0,0,0,0,0,0,0,0,0,0,0,0,0,0,0,0,0,0,0,0,0,0,1492316
29/07/2026,Serie A Brasil,2026,MIRASSOL,REMO,2,1,1,1,H,0.0,0.0,0.0,8,13,4,2,15,5,6,3,2,2,0,0,474,394,1,3,54,46,0,0,0,0,0,0,0,0,0,0,0,0,0,0,0,0,0,0,0,0,0,0,0,0,0,0,0,0,0,0,0,0,1492317
30/07/2026,Serie A Brasil,2026,FLUMINENSE,BAHIA,0,0,0,0,D,0.0,0.0,0.0,24,10,11,0,7,9,8,1,1,1,0,0,528,387,0,10,58,42,0,0,0,0,0,0,0,0,0,0,0,0,0,0,0,0,0,0,0,0,0,0,0,0,0,0,0,0,0,0,0,0,1492315
30/07/2026,Serie A Brasil,2026,VITORIA,PALMEIRAS,0,4,0,2,A,0.0,0.0,0.0,10,16,3,5,10,15,6,1,3,2,2,0,229,508,2,3,32,68,0,0,0,0,0,0,0,0,0,0,0,0,0,0,0,0,0,0,0,0,0,0,0,0,0,0,0,0,0,0,0,0,1492319
30/07/2026,Serie A Brasil,2026,CORINTHIANS,ATLETICO PARANAENSE,0,0,0,0,D,0.0,0.0,0.0,7,5,4,1,16,15,6,2,3,4,0,0,429,404,1,4,52,48,0,0,0,0,0,0,0,0,0,0,0,0,0,0,0,0,0,0,0,0,0,0,0,0,0,0,0,0,0,0,0,0,1492313
31/07/2026,Serie A Brasil,2026,CORITIBA,CRUZEIRO,0,1,0,0,A,0.0,0.0,0.0,19,20,2,4,13,18,4,2,1,1,0,0,408,413,3,2,50,50,0,0,0,0,0,0,0,0,0,0,0,0,0,0,0,0,0,0,0,0,0,0,0,0,0,0,0,0,0,0,0,0,1492314
08/08/2026,Serie A Brasil,2026,GREMIO,SAO PAULO,2,1,0,1,H,0.0,0.0,0.0,12,18,5,5,12,19,7,7,4,3,0,0,421,462,4,3,48,52,0,0,0,0,0,0,0,0,0,0,0,0,0,0,0,0,0,0,0,0,0,0,0,0,0,0,0,0,0,0,0,0,1492326
08/08/2026,Serie A Brasil,2026,REMO,ATLETICO-MG,2,2,1,2,D,0.0,0.0,0.0,12,10,4,2,13,13,5,2,1,2,0,0,388,562,0,2,41,59,0,0,0,0,0,0,0,0,0,0,0,0,0,0,0,0,0,0,0,0,0,0,0,0,0,0,0,0,0,0,0,0,1492328
08/08/2026,Serie A Brasil,2026,CORITIBA,CHAPECOENSE-SC,2,1,1,0,H,0.0,0.0,0.0,15,12,4,3,14,11,5,6,1,1,0,0,277,497,2,2,36,64,0,0,0,0,0,0,0,0,0,0,0,0,0,0,0,0,0,0,0,0,0,0,0,0,0,0,0,0,0,0,0,0,1492323
09/08/2026,Serie A Brasil,2026,BOTAFOGO,FLUMINENSE,1,1,1,0,D,0.0,0.0,0.0,20,14,7,4,16,19,7,7,4,3,1,0,324,471,3,6,41,59,0,0,0,0,0,0,0,0,0,0,0,0,0,0,0,0,0,0,0,0,0,0,0,0,0,0,0,0,0,0,0,0,1492321
09/08/2026,Serie A Brasil,2026,CRUZEIRO,MIRASSOL,3,1,1,1,H,0.0,0.0,0.0,11,13,3,4,14,18,4,1,3,2,0,0,374,379,3,0,50,50,0,0,0,0,0,0,0,0,0,0,0,0,0,0,0,0,0,0,0,0,0,0,0,0,0,0,0,0,0,0,0,0,1492324
09/08/2026,Serie A Brasil,2026,BAHIA,VASCO DA GAMA,0,0,0,0,D,0.0,0.0,0.0,11,14,2,3,13,10,4,6,1,2,0,0,383,364,3,2,51,49,0,0,0,0,0,0,0,0,0,0,0,0,0,0,0,0,0,0,0,0,0,0,0,0,0,0,0,0,0,0,0,0,1492320
09/08/2026,Serie A Brasil,2026,PALMEIRAS,INTERNACIONAL,0,0,0,0,D,0.0,0.0,0.0,22,9,3,2,11,16,5,2,1,3,0,0,545,343,2,2,62,38,0,0,0,0,0,0,0,0,0,0,0,0,0,0,0,0,0,0,0,0,0,0,0,0,0,0,0,0,0,0,0,0,1492327
09/08/2026,Serie A Brasil,2026,SANTOS,ATLETICO PARANAENSE,0,2,0,2,A,0.0,0.0,0.0,22,8,2,4,12,11,10,2,1,1,0,0,568,351,2,2,62,38,0,0,0,0,0,0,0,0,0,0,0,0,0,0,0,0,0,0,0,0,0,0,0,0,0,0,0,0,0,0,0,0,1492329
09/08/2026,Serie A Brasil,2026,RB BRAGANTINO,CORINTHIANS,0,2,0,0,A,0.0,0.0,0.0,10,9,2,4,12,14,3,2,1,3,0,0,352,389,2,2,48,52,0,0,0,0,0,0,0,0,0,0,0,0,0,0,0,0,0,0,0,0,0,0,0,0,0,0,0,0,0,0,0,0,1492322
09/08/2026,Serie A Brasil,2026,FLAMENGO,VITORIA,2,0,1,0,H,0.0,0.0,0.0,19,7,6,1,13,8,8,1,1,1,0,0,669,387,1,4,63,37,0,0,0,0,0,0,0,0,0,0,0,0,0,0,0,0,0,0,0,0,0,0,0,0,0,0,0,0,0,0,0,0,1492325
15/08/2026,Serie A Brasil,2026,FLUMINENSE,PALMEIRAS,3,2,1,1,H,0.0,0.0,0.0,17,15,6,7,16,17,5,5,4,3,0,0,486,318,5,3,60,40,0,0,0,0,0,0,0,0,0,0,0,0,0,0,0,0,0,0,0,0,0,0,0,0,0,0,0,0,0,0,0,0,1492334
15/08/2026,Serie A Brasil,2026,ATLETICO PARANAENSE,RB BRAGANTINO,1,1,0,0,D,0.0,0.0,0.0,20,16,7,5,7,8,8,5,0,1,0,0,459,460,4,6,50,50,0,0,0,0,0,0,0,0,0,0,0,0,0,0,0,0,0,0,0,0,0,0,0,0,0,0,0,0,0,0,0,0,1492330
16/08/2026,Serie A Brasil,2026,SAO PAULO,CORITIBA,1,1,1,0,D,0.0,0.0,0.0,19,8,6,1,15,10,6,3,2,1,0,0,600,314,0,5,66,34,0,0,0,0,0,0,0,0,0,0,0,0,0,0,0,0,0,0,0,0,0,0,0,0,0,0,0,0,0,0,0,0,1492337
16/08/2026,Serie A Brasil,2026,CHAPECOENSE-SC,BAHIA,3,3,1,2,D,0.0,0.0,0.0,12,19,3,4,16,9,3,5,1,2,0,0,283,555,3,0,35,65,0,0,0,0,0,0,0,0,0,0,0,0,0,0,0,0,0,0,0,0,0,0,0,0,0,0,0,0,0,0,0,0,1492332
16/08/2026,Serie A Brasil,2026,VASCO DA GAMA,SANTOS,0,3,0,0,A,0.0,0.0,0.0,19,11,3,5,14,11,4,2,2,0,0,0,408,324,2,4,57,43,0,0,0,0,0,0,0,0,0,0,0,0,0,0,0,0,0,0,0,0,0,0,0,0,0,0,0,0,0,0,0,0,1492338
16/08/2026,Serie A Brasil,2026,ATLETICO-MG,GREMIO,3,0,1,0,H,0.0,0.0,0.0,15,9,5,1,14,11,8,6,3,3,0,0,480,464,1,2,51,49,0,0,0,0,0,0,0,0,0,0,0,0,0,0,0,0,0,0,0,0,0,0,0,0,0,0,0,0,0,0,0,0,1492331
16/08/2026,Serie A Brasil,2026,VITORIA,BOTAFOGO,1,0,1,0,H,0.0,0.0,0.0,22,17,4,3,19,18,8,4,2,3,0,0,344,402,3,2,46,54,0,0,0,0,0,0,0,0,0,0,0,0,0,0,0,0,0,0,0,0,0,0,0,0,0,0,0,0,0,0,0,0,1492339
16/08/2026,Serie A Brasil,2026,MIRASSOL,FLAMENGO,1,5,0,1,A,0.0,0.0,0.0,16,15,5,8,12,4,4,3,3,0,0,0,391,539,3,3,43,57,0,0,0,0,0,0,0,0,0,0,0,0,0,0,0,0,0,0,0,0,0,0,0,0,0,0,0,0,0,0,0,0,1492336
16/08/2026,Serie A Brasil,2026,CORINTHIANS,CRUZEIRO,1,2,0,1,A,0.0,0.0,0.0,20,15,6,6,16,14,3,8,1,4,0,0,457,410,4,5,53,47,0,0,0,0,0,0,0,0,0,0,0,0,0,0,0,0,0,0,0,0,0,0,0,0,0,0,0,0,0,0,0,0,1492333
17/08/2026,Serie A Brasil,2026,INTERNACIONAL,REMO,1,1,1,0,D,0.0,0.0,0.0,11,12,3,3,13,12,4,5,1,4,0,0,339,522,2,2,40,60,0,0,0,0,0,0,0,0,0,0,0,0,0,0,0,0,0,0,0,0,0,0,0,0,0,0,0,0,0,0,0,0,1492335
22/08/2026,Serie A Brasil,2026,FLUMINENSE,REMO,2,1,0,1,H,0.0,0.0,0.0,20,7,9,1,10,10,11,2,1,1,0,0,713,268,0,7,73,27,0,0,0,0,0,0,0,0,0,0,0,0,0,0,0,0,0,0,0,0,0,0,0,0,0,0,0,0,0,0,0,0,1492345
22/08/2026,Serie A Brasil,2026,INTERNACIONAL,ATLETICO-MG,0,0,0,0,D,0.0,0.0,0.0,23,11,3,5,18,15,6,5,5,3,0,0,445,413,4,3,52,48,0,0,0,0,0,0,0,0,0,0,0,0,0,0,0,0,0,0,0,0,0,0,0,0,0,0,0,0,0,0,0,0,1492346
22/08/2026,Serie A Brasil,2026,CRUZEIRO,FLAMENGO,2,1,0,1,H,0.0,0.0,0.0,24,14,6,3,13,7,3,3,3,1,0,0,497,562,2,4,48,52,0,0,0,0,0,0,0,0,0,0,0,0,0,0,0,0,0,0,0,0,0,0,0,0,0,0,0,0,0,0,0,0,1492344
23/08/2026,Serie A Brasil,2026,PALMEIRAS,VASCO DA GAMA,4,1,0,0,H,0.0,0.0,0.0,13,12,5,4,8,21,5,3,1,3,0,0,551,407,3,1,57,43,0,0,0,0,0,0,0,0,0,0,0,0,0,0,0,0,0,0,0,0,0,0,0,0,0,0,0,0,0,0,0,0,1492347
23/08/2026,Serie A Brasil,2026,VITORIA,BAHIA,0,2,0,0,A,0.0,0.0,0.0,14,28,2,9,13,10,7,7,4,3,0,0,301,341,6,2,47,53,0,0,0,0,0,0,0,0,0,0,0,0,0,0,0,0,0,0,0,0,0,0,0,0,0,0,0,0,0,0,0,0,1492349
23/08/2026,Serie A Brasil,2026,RB BRAGANTINO,GREMIO,1,0,0,0,H,0.0,0.0,0.0,27,14,4,1,9,12,8,5,2,3,0,0,453,406,1,2,54,46,0,0,0,0,0,0,0,0,0,0,0,0,0,0,0,0,0,0,0,0,0,0,0,0,0,0,0,0,0,0,0,0,1492341
23/08/2026,Serie A Brasil,2026,SANTOS,MIRASSOL,1,1,0,1,D,0.0,0.0,0.0,21,5,7,3,9,13,10,2,2,3,0,1,577,333,2,6,64,36,0,0,0,0,0,0,0,0,0,0,0,0,0,0,0,0,0,0,0,0,0,0,0,0,0,0,0,0,0,0,0,0,1492348
23/08/2026,Serie A Brasil,2026,CHAPECOENSE-SC,SAO PAULO,1,0,1,0,H,0.0,0.0,0.0,13,22,4,5,17,7,7,3,4,1,0,0,236,791,5,3,23,77,0,0,0,0,0,0,0,0,0,0,0,0,0,0,0,0,0,0,0,0,0,0,0,0,0,0,0,0,0,0,0,0,1492342
23/08/2026,Serie A Brasil,2026,CORITIBA,CORINTHIANS,2,1,1,0,H,0.0,0.0,0.0,12,16,3,3,8,9,4,14,2,2,0,0,314,552,2,1,35,65,0,0,0,0,0,0,0,0,0,0,0,0,0,0,0,0,0,0,0,0,0,0,0,0,0,0,0,0,0,0,0,0,1492343
24/08/2026,Serie A Brasil,2026,BOTAFOGO,ATLETICO PARANAENSE,2,3,0,2,A,0.0,0.0,0.0,32,7,8,6,12,9,13,2,2,1,0,0,488,412,3,6,56,44,0,0,0,0,0,0,0,0,0,0,0,0,0,0,0,0,0,0,0,0,0,0,0,0,0,0,0,0,0,0,0,0,1492340
29/08/2026,Serie A Brasil,2026,ATLETICO-MG,VITORIA,2,1,1,0,H,1.75,3.5,4.75,18,14,8,3,12,13,4,5,2,1,0,0,636,395,2,6,61,39,0,0,0,0,0,0,0,0,0,0,0,0,0,0,0,0,0,0,0,0,0,0,0,0,0,0,0,0,0,0,0,0,1492351
29/08/2026,Serie A Brasil,2026,SAO PAULO,RB BRAGANTINO,2,1,2,0,H,2.15,3.4,3.4,17,8,8,3,11,14,9,7,3,4,0,0,282,468,2,6,38,62,0,0,0,0,0,0,0,0,0,0,0,0,0,0,0,0,0,0,0,0,0,0,0,0,0,0,0,0,0,0,0,0,1492358
30/08/2026,Serie A Brasil,2026,VASCO DA GAMA,CRUZEIRO,3,1,1,0,H,2.35,3.2,3.0,21,11,9,6,15,12,11,2,2,1,0,0,386,470,5,7,46,54,0,0,0,0,0,0,0,0,0,0,0,0,0,0,0,0,0,0,0,0,0,0,0,0,0,0,0,0,0,0,0,0,1492359
30/08/2026,Serie A Brasil,2026,ATLETICO PARANAENSE,FLUMINENSE,3,3,1,1,D,2.15,3.1,3.5,17,12,8,6,15,12,8,3,2,2,0,0,445,526,3,5,47,53,0,0,0,0,0,0,0,0,0,0,0,0,0,0,0,0,0,0,0,0,0,0,0,0,0,0,0,0,0,0,0,0,1492350
30/08/2026,Serie A Brasil,2026,FLAMENGO,BOTAFOGO,3,0,1,0,H,1.4,4.33,7.5,18,14,6,4,8,9,5,3,0,2,0,0,653,366,4,3,63,37,0,0,0,0,0,0,0,0,0,0,0,0,0,0,0,0,0,0,0,0,0,0,0,0,0,0,0,0,0,0,0,0,1492354
30/08/2026,Serie A Brasil,2026,CORINTHIANS,SANTOS,0,1,0,1,A,1.83,3.3,4.33,18,8,2,4,9,16,8,1,4,3,0,0,592,376,3,2,62,38,0,0,0,0,0,0,0,0,0,0,0,0,0,0,0,0,0,0,0,0,0,0,0,0,0,0,0,0,0,0,0,0,1492353
30/08/2026,Serie A Brasil,2026,GREMIO,CHAPECOENSE-SC,3,1,2,1,H,1.53,4.0,5.75,12,32,5,9,11,10,5,7,3,2,0,0,540,461,7,2,53,47,0,0,0,0,0,0,0,0,0,0,0,0,0,0,0,0,0,0,0,0,0,0,0,0,0,0,0,0,0,0,0,0,1492355
30/08/2026,Serie A Brasil,2026,MIRASSOL,PALMEIRAS,1,1,0,0,D,3.6,3.25,2.05,11,14,5,3,16,11,3,4,2,2,0,1,424,464,2,4,48,52,0,0,0,0,0,0,0,0,0,0,0,0,0,0,0,0,0,0,0,0,0,0,0,0,0,0,0,0,0,0,0,0,1492356
30/08/2026,Serie A Brasil,2026,BAHIA,INTERNACIONAL,3,2,3,1,H,1.9,3.4,3.9,13,12,6,3,10,17,3,3,4,2,0,0,541,411,1,4,57,43,0,0,0,0,0,0,0,0,0,0,0,0,0,0,0,0,0,0,0,0,0,0,0,0,0,0,0,0,0,0,0,0,1492352
31/08/2026,Serie A Brasil,2026,REMO,CORITIBA,2,3,0,0,A,2.05,3.3,3.8,32,11,7,5,11,10,9,4,3,1,0,0,423,288,3,5,61,39,0,0,0,0,0,0,0,0,0,0,0,0,0,0,0,0,0,0,0,0,0,0,0,0,0,0,0,0,0,0,0,0,1492357
21/03/2026,Serie B Brasil,2026,VILA NOVA,CRB,2,2,0,1,D,0.0,0.0,0.0,0,1,0,1,5,3,1,1,2,1,0,0,56,91,1,0,39,61,0,0,0,0,0,0,0,0,0,0,0,0,0,0,0,0,0,0,0,0,0,0,0,0,0,0,0,0,0,0,0,0,1520609
21/03/2026,Serie B Brasil,2026,CEARA,SÃO BERNARDO,1,1,1,0,D,0.0,0.0,0.0,21,4,6,3,8,18,7,3,2,0,0,0,409,386,2,6,52,48,0,0,0,0,0,0,0,0,0,0,0,0,0,0,0,0,0,0,0,0,0,0,0,0,0,0,0,0,0,0,0,0,1520603
21/03/2026,Serie B Brasil,2026,OPERARIO-PR,ATLETICO GOIANIENSE,1,0,1,0,H,0.0,0.0,0.0,17,9,10,0,14,12,7,7,2,2,0,0,322,438,0,9,42,58,0,0,0,0,0,0,0,0,0,0,0,0,0,0,0,0,0,0,0,0,0,0,0,0,0,0,0,0,0,0,0,0,1520608
21/03/2026,Serie B Brasil,2026,CUIABA,SPORT RECIFE,0,0,0,0,D,0.0,0.0,0.0,13,10,4,1,20,21,0,1,1,2,0,0,361,504,1,4,42,58,0,0,0,0,0,0,0,0,0,0,0,0,0,0,0,0,0,0,0,0,0,0,0,0,0,0,0,0,0,0,0,0,1520604
22/03/2026,Serie B Brasil,2026,AVAI,JUVENTUDE,2,0,1,0,H,0.0,0.0,0.0,16,8,5,1,15,14,3,3,3,0,0,0,327,452,1,3,42,58,0,0,0,0,0,0,0,0,0,0,0,0,0,0,0,0,0,0,0,0,0,0,0,0,0,0,0,0,0,0,0,0,1520601
22/03/2026,Serie B Brasil,2026,NAUTICO RECIFE,CRICIUMA,0,1,0,1,A,0.0,0.0,0.0,2,2,0,1,2,1,1,0,0,0,0,0,32,19,0,0,63,37,0,0,0,0,0,0,0,0,0,0,0,0,0,0,0,0,0,0,0,0,0,0,0,0,0,0,0,0,0,0,0,0,1520606
22/03/2026,Serie B Brasil,2026,GOIAS,AMERICA MINEIRO,3,1,2,0,H,0.0,0.0,0.0,9,24,3,9,10,6,3,8,1,1,1,0,259,469,8,0,34,66,0,0,0,0,0,0,0,0,0,0,0,0,0,0,0,0,0,0,0,0,0,0,0,0,0,0,0,0,0,0,0,0,1520605
22/03/2026,Serie B Brasil,2026,ATHLETIC CLUB,PONTE PRETA,2,1,2,1,H,0.0,0.0,0.0,17,10,8,3,21,15,3,3,3,2,0,0,336,433,2,6,44,56,0,0,0,0,0,0,0,0,0,0,0,0,0,0,0,0,0,0,0,0,0,0,0,0,0,0,0,0,0,0,0,0,1520600
22/03/2026,Serie B Brasil,2026,NOVORIZONTINO,LONDRINA,1,3,0,0,A,0.0,0.0,0.0,22,11,8,3,9,9,9,7,0,3,0,0,401,344,0,7,55,45,0,0,0,0,0,0,0,0,0,0,0,0,0,0,0,0,0,0,0,0,0,0,0,0,0,0,0,0,0,0,0,0,1520607
31/03/2026,Serie B Brasil,2026,JUVENTUDE,NOVORIZONTINO,0,0,0,0,D,0.0,0.0,0.0,13,9,4,0,13,15,4,8,4,3,0,0,476,302,0,4,60,40,0,0,0,0,0,0,0,0,0,0,0,0,0,0,0,0,0,0,0,0,0,0,0,0,0,0,0,0,0,0,0,0,1520615
31/03/2026,Serie B Brasil,2026,FORTALEZA EC,CUIABA,0,0,0,0,D,0.0,0.0,0.0,14,4,2,0,19,18,4,0,1,2,0,0,510,368,0,2,59,41,0,0,0,0,0,0,0,0,0,0,0,0,0,0,0,0,0,0,0,0,0,0,0,0,0,0,0,0,0,0,0,0,1520614
01/04/2026,Serie B Brasil,2026,AMERICA MINEIRO,BOTAFOGO SP,1,2,1,1,A,0.0,0.0,0.0,14,13,1,5,15,17,11,7,2,4,0,0,480,225,3,0,68,32,0,0,0,0,0,0,0,0,0,0,0,0,0,0,0,0,0,0,0,0,0,0,0,0,0,0,0,0,0,0,0,0,1520610
01/04/2026,Serie B Brasil,2026,SPORT RECIFE,VILA NOVA,1,1,0,0,D,0.0,0.0,0.0,10,16,7,2,11,12,6,3,2,4,1,1,317,505,1,6,39,61,0,0,0,0,0,0,0,0,0,0,0,0,0,0,0,0,0,0,0,0,0,0,0,0,0,0,0,0,0,0,0,0,1520619
01/04/2026,Serie B Brasil,2026,ATLETICO GOIANIENSE,NAUTICO RECIFE,1,2,1,0,A,0.0,0.0,0.0,11,9,2,4,22,17,7,1,1,4,0,1,311,333,2,1,49,51,0,0,0,0,0,0,0,0,0,0,0,0,0,0,0,0,0,0,0,0,0,0,0,0,0,0,0,0,0,0,0,0,1520611
01/04/2026,Serie B Brasil,2026,LONDRINA,GOIAS,2,2,1,1,D,0.0,0.0,0.0,8,12,5,3,16,15,6,6,4,5,0,0,288,432,2,3,40,60,0,0,0,0,0,0,0,0,0,0,0,0,0,0,0,0,0,0,0,0,0,0,0,0,0,0,0,0,0,0,0,0,1520616
02/04/2026,Serie B Brasil,2026,PONTE PRETA,CEARA,1,1,0,0,D,0.0,0.0,0.0,9,14,4,4,20,13,4,6,2,3,0,1,427,304,3,3,58,42,0,0,0,0,0,0,0,0,0,0,0,0,0,0,0,0,0,0,0,0,0,0,0,0,0,0,0,0,0,0,0,0,1520617
02/04/2026,Serie B Brasil,2026,CRICIUMA,ATHLETIC CLUB,1,1,0,1,D,0.0,0.0,0.0,33,7,7,2,10,21,9,2,3,5,0,1,502,209,1,6,71,29,0,0,0,0,0,0,0,0,0,0,0,0,0,0,0,0,0,0,0,0,0,0,0,0,0,0,0,0,0,0,0,0,1520613
02/04/2026,Serie B Brasil,2026,CRB,AVAI,0,1,0,0,A,0.0,0.0,0.0,27,15,6,3,10,14,5,5,1,6,0,1,539,409,2,6,57,43,0,0,0,0,0,0,0,0,0,0,0,0,0,0,0,0,0,0,0,0,0,0,0,0,0,0,0,0,0,0,0,0,1520612
02/04/2026,Serie B Brasil,2026,SÃO BERNARDO,OPERARIO-PR,1,2,1,1,A,0.0,0.0,0.0,16,15,5,7,7,8,6,8,2,3,0,0,477,523,5,4,48,52,0,0,0,0,0,0,0,0,0,0,0,0,0,0,0,0,0,0,0,0,0,0,0,0,0,0,0,0,0,0,0,0,1520618
04/04/2026,Serie B Brasil,2026,FORTALEZA EC,JUVENTUDE,2,1,2,0,H,0.0,0.0,0.0,11,18,4,6,23,11,5,2,3,0,0,0,280,476,5,3,37,63,0,0,0,0,0,0,0,0,0,0,0,0,0,0,0,0,0,0,0,0,0,0,0,0,0,0,0,0,0,0,0,0,1520624
04/04/2026,Serie B Brasil,2026,NAUTICO RECIFE,PONTE PRETA,1,0,0,0,H,0.0,0.0,0.0,23,4,6,4,14,21,17,3,3,1,0,2,448,206,3,5,69,31,0,0,0,0,0,0,0,0,0,0,0,0,0,0,0,0,0,0,0,0,0,0,0,0,0,0,0,0,0,0,0,0,1520627
04/04/2026,Serie B Brasil,2026,CUIABA,CEARA,0,2,0,0,A,0.0,0.0,0.0,16,7,6,2,14,20,1,2,0,4,0,0,500,277,0,5,65,35,0,0,0,0,0,0,0,0,0,0,0,0,0,0,0,0,0,0,0,0,0,0,0,0,0,0,0,0,0,0,0,0,1520623
04/04/2026,Serie B Brasil,2026,VILA NOVA,ATLETICO GOIANIENSE,2,1,0,1,H,0.0,0.0,0.0,17,10,5,4,16,24,8,3,3,2,0,0,357,267,3,3,58,42,0,0,0,0,0,0,0,0,0,0,0,0,0,0,0,0,0,0,0,0,0,0,0,0,0,0,0,0,0,0,0,0,1520629
04/04/2026,Serie B Brasil,2026,LONDRINA,SPORT RECIFE,1,2,1,0,A,0.0,0.0,0.0,13,16,3,4,13,13,5,7,2,0,0,0,281,481,2,2,38,62,0,0,0,0,0,0,0,0,0,0,0,0,0,0,0,0,0,0,0,0,0,0,0,0,0,0,0,0,0,0,0,0,1520626
05/04/2026,Serie B Brasil,2026,AVAI,OPERARIO-PR,0,0,0,0,D,0.0,0.0,0.0,13,6,4,3,19,19,9,4,2,6,0,0,328,362,3,4,49,51,0,0,0,0,0,0,0,0,0,0,0,0,0,0,0,0,0,0,0,0,0,0,0,0,0,0,0,0,0,0,0,0,1520621
05/04/2026,Serie B Brasil,2026,NOVORIZONTINO,CRB,1,1,0,0,D,0.0,0.0,0.0,19,11,3,4,19,12,5,1,4,5,0,0,354,509,3,2,43,57,0,0,0,0,0,0,0,0,0,0,0,0,0,0,0,0,0,0,0,0,0,0,0,0,0,0,0,0,0,0,0,0,1520628
05/04/2026,Serie B Brasil,2026,ATHLETIC CLUB,AMERICA MINEIRO,1,1,1,0,D,0.0,0.0,0.0,7,17,3,6,14,12,4,7,3,1,1,0,222,393,5,2,36,64,0,0,0,0,0,0,0,0,0,0,0,0,0,0,0,0,0,0,0,0,0,0,0,0,0,0,0,0,0,0,0,0,1520620
05/04/2026,Serie B Brasil,2026,BOTAFOGO SP,SÃO BERNARDO,1,2,1,0,A,0.0,0.0,0.0,14,11,3,6,11,11,9,7,3,2,0,0,316,316,3,2,50,50,0,0,0,0,0,0,0,0,0,0,0,0,0,0,0,0,0,0,0,0,0,0,0,0,0,0,0,0,0,0,0,0,1520622
07/04/2026,Serie B Brasil,2026,GOIAS,CRICIUMA,1,0,0,0,H,0.0,0.0,0.0,13,9,3,1,9,11,6,7,1,0,0,0,460,393,1,2,54,46,0,0,0,0,0,0,0,0,0,0,0,0,0,0,0,0,0,0,0,0,0,0,0,0,0,0,0,0,0,0,0,0,1520625
10/04/2026,Serie B Brasil,2026,CRICIUMA,BOTAFOGO SP,1,0,0,0,H,0.0,0.0,0.0,12,12,3,1,15,15,9,6,4,2,1,0,347,334,1,2,51,49,0,0,0,0,0,0,0,0,0,0,0,0,0,0,0,0,0,0,0,0,0,0,0,0,0,0,0,0,0,0,0,0,1520634
11/04/2026,Serie B Brasil,2026,JUVENTUDE,GOIAS,2,0,1,0,H,0.0,0.0,0.0,10,5,7,1,19,16,6,1,0,1,0,2,279,397,1,6,43,57,0,0,0,0,0,0,0,0,0,0,0,0,0,0,0,0,0,0,0,0,0,0,0,0,0,0,0,0,0,0,0,0,1520635
11/04/2026,Serie B Brasil,2026,SPORT RECIFE,AVAI,2,2,1,1,D,0.0,0.0,0.0,21,16,10,4,8,16,7,8,2,7,0,0,414,291,2,8,59,41,0,0,0,0,0,0,0,0,0,0,0,0,0,0,0,0,0,0,0,0,0,0,0,0,0,0,0,0,0,0,0,0,1520639
11/04/2026,Serie B Brasil,2026,PONTE PRETA,VILA NOVA,0,1,0,1,A,0.0,0.0,0.0,17,14,5,5,12,15,9,4,1,4,0,0,355,379,4,5,50,50,0,0,0,0,0,0,0,0,0,0,0,0,0,0,0,0,0,0,0,0,0,0,0,0,0,0,0,0,0,0,0,0,1520637
11/04/2026,Serie B Brasil,2026,CEARA,NAUTICO RECIFE,1,0,0,0,H,0.0,0.0,0.0,10,15,5,3,12,15,3,4,4,4,0,0,301,445,3,4,40,60,0,0,0,0,0,0,0,0,0,0,0,0,0,0,0,0,0,0,0,0,0,0,0,0,0,0,0,0,0,0,0,0,1520632
12/04/2026,Serie B Brasil,2026,AMERICA MINEIRO,NOVORIZONTINO,0,3,0,0,A,0.0,0.0,0.0,6,15,3,8,14,10,4,5,1,3,0,0,376,326,5,4,54,46,0,0,0,0,0,0,0,0,0,0,0,0,0,0,0,0,0,0,0,0,0,0,0,0,0,0,0,0,0,0,0,0,1520630
12/04/2026,Serie B Brasil,2026,OPERARIO-PR,CUIABA,0,0,0,0,D,0.0,0.0,0.0,13,11,3,2,17,18,2,1,2,5,0,1,440,300,2,3,59,41,0,0,0,0,0,0,0,0,0,0,0,0,0,0,0,0,0,0,0,0,0,0,0,0,0,0,0,0,0,0,0,0,1520636
12/04/2026,Serie B Brasil,2026,SÃO BERNARDO,FORTALEZA EC,0,1,0,0,A,0.0,0.0,0.0,15,17,2,6,10,17,4,6,1,3,0,0,426,452,5,3,48,52,0,0,0,0,0,0,0,0,0,0,0,0,0,0,0,0,0,0,0,0,0,0,0,0,0,0,0,0,0,0,0,0,1520638
12/04/2026,Serie B Brasil,2026,CRB,ATHLETIC CLUB,2,3,2,0,A,0.0,0.0,0.0,9,12,4,5,15,21,1,6,2,2,0,0,339,367,2,2,48,52,0,0,0,0,0,0,0,0,0,0,0,0,0,0,0,0,0,0,0,0,0,0,0,0,0,0,0,0,0,0,0,0,1520633
12/04/2026,Serie B Brasil,2026,ATLETICO GOIANIENSE,LONDRINA,2,1,1,0,H,0.0,0.0,0.0,17,6,5,1,26,12,8,2,1,1,0,0,416,421,0,3,50,50,0,0,0,0,0,0,0,0,0,0,0,0,0,0,0,0,0,0,0,0,0,0,0,0,0,0,0,0,0,0,0,0,1520631
18/04/2026,Serie B Brasil,2026,AMERICA MINEIRO,SPORT RECIFE,0,0,0,0,D,0.0,0.0,0.0,17,9,6,0,14,15,8,3,1,4,0,0,317,323,0,6,50,50,0,0,0,0,0,0,0,0,0,0,0,0,0,0,0,0,0,0,0,0,0,0,0,0,0,0,0,0,0,0,0,0,1520640
18/04/2026,Serie B Brasil,2026,NAUTICO RECIFE,SÃO BERNARDO,0,3,0,0,A,0.0,0.0,0.0,18,11,2,5,15,16,10,2,2,6,0,0,419,286,2,3,61,39,0,0,0,0,0,0,0,0,0,0,0,0,0,0,0,0,0,0,0,0,0,0,0,0,0,0,0,0,0,0,0,0,1520647
18/04/2026,Serie B Brasil,2026,VILA NOVA,OPERARIO-PR,2,1,1,1,H,0.0,0.0,0.0,10,7,4,3,22,7,3,6,7,2,0,0,304,366,2,2,45,55,0,0,0,0,0,0,0,0,0,0,0,0,0,0,0,0,0,0,0,0,0,0,0,0,0,0,0,0,0,0,0,0,1520649
18/04/2026,Serie B Brasil,2026,AVAI,PONTE PRETA,1,2,1,1,A,0.0,0.0,0.0,12,12,2,8,16,16,5,4,4,2,0,0,471,306,6,1,61,39,0,0,0,0,0,0,0,0,0,0,0,0,0,0,0,0,0,0,0,0,0,0,0,0,0,0,0,0,0,0,0,0,1520641
18/04/2026,Serie B Brasil,2026,CRB,JUVENTUDE,0,1,0,1,A,0.0,0.0,0.0,15,8,6,2,15,19,5,2,4,2,1,0,459,356,1,6,57,43,0,0,0,0,0,0,0,0,0,0,0,0,0,0,0,0,0,0,0,0,0,0,0,0,0,0,0,0,0,0,0,0,1520643
